Budget Case,Simulation Label,Strategy Targets,Target TF_EQ,Target MR_EQ,Target MR_FX,Target Sum,Screen Exposure Factor,Screen Daily Cutoff,Raw Equity End,Raw CAGR,Raw Sharpe,Raw Calmar,Raw Max DD %,Raw WorstDayDD,Raw Count Breach -5%,Raw Avg Gross Exposure %,Raw Max Gross Exposure %,P(Pass Challenge),P(Pass Verification | Challenge),P(Reach Payout | Verification),P(Reach Payout Overall),Median Days Challenge,Median Days Verification,Median Days Payout,Fail MaxDailyLoss %,Fail MaxLoss %,Fail HorizonEnded %,Avg Cutoff Hits / Sim,Mean Total Days To Payout,Median Total Days To Payout,P25 Total Days To Payout,P75 Total Days To Payout,P90 Total Days To Payout,Budget Speed Rank Score
anchor_grid_tf1p125_mreq1p25_mrfx7p625,full,"{""MR_EQ"": 1.25, ""MR_FX"": 7.625, ""TF_EQ"": 1.125}",1.125,1.25,7.625,10.0,0.75,-0.04,1123802.1319941573,0.248995459062469,1.4292312941317407,1.3756421269946857,-18.100307789093385,-0.08013999767768255,9,147.4837235420918,955.3894426054612,0.959,0.9668404588112617,0.9879206212251941,0.916,126.0,56.0,15.0,0.0,0.0838,0.0002,0.333,261.07183406113535,231.0,163.0,328.0,439.10000000000036,1.0921904148471615
anchor_grid_tf1p125_mreq1_mrfx7p875,full,"{""MR_EQ"": 1.0, ""MR_FX"": 7.875, ""TF_EQ"": 1.125}",1.125,1.0,7.875,10.0,0.75,-0.04,1002427.6605703924,0.23883944880665742,1.4354813119670364,1.32661480086657,-18.003677378741965,-0.08276384370103952,7,146.3575838656643,963.9936507660929,0.9634,0.9703134731160473,0.9886606760804451,0.9242,133.0,59.0,15.0,0.0,0.0758,0.0,0.3432,276.2252759143043,243.0,171.0,348.0,473.0,1.0786048102142392
anchor_grid_tf1p125_mreq1p125_mrfx7p75,full,"{""MR_EQ"": 1.125, ""MR_FX"": 7.75, ""TF_EQ"": 1.125}",1.125,1.125,7.75,10.0,0.75,-0.04,1061571.5971695255,0.24392301633582014,1.4338879074736794,1.3560101996281995,-17.988287728418317,-0.08145195001383808,7,146.9191768373576,959.6912383645184,0.9606,0.9679367062252758,0.9879543987954399,0.9186,131.0,57.0,15.0,0.0,0.0814,0.0,0.4052,269.26235575876336,239.0,167.0,341.0,456.0,1.0785921106030918
old_anchor_1p125_0p875_8p000,full,"{""MR_EQ"": 0.875, ""MR_FX"": 8.0, ""TF_EQ"": 1.125}",1.125,0.875,8.0,10.0,0.75,-0.04,946239.2363078826,0.23374503047207473,1.433600596260109,1.297036559645833,-18.021468148584862,-0.08407567873928697,6,145.79889974710798,968.2966801338725,0.9654,0.9724466542365858,0.9882829143587558,0.9278,136.0,60.0,15.0,0.0,0.072,0.0002,0.3516,281.7990946324639,249.0,174.0,355.0,486.0,1.07558626341884
anchor_grid_tf1p125_mreq1p5_mrfx7p375,full,"{""MR_EQ"": 1.5, ""MR_FX"": 7.375, ""TF_EQ"": 1.125}",1.125,1.5,7.375,10.0,0.75,-0.04,1258069.0952980234,0.25910586720528084,1.412411835486982,1.3342449488262853,-19.419662591431376,-0.07751591705850912,13,148.62186221599273,946.787699721225,0.9246,0.9550075708414449,0.982559456398641,0.8676,119.0,53.0,15.0,0.0178,0.1146,0.0,0.5498,245.85269709543567,218.0,154.25,305.0,414.0,0.9648702572614108
anchor_grid_tf1p75_mreq0p875_mrfx7p375,full,"{""MR_EQ"": 0.875, ""MR_FX"": 7.375, ""TF_EQ"": 1.75}",1.75,0.875,7.375,10.0,0.75,-0.04,1433218.3570036818,0.2708844392815477,1.303957511730984,1.2928806761914327,-20.952006188190463,-0.10414733929737638,17,172.88080390776608,964.5078895335809,0.9204,0.9365493263798349,0.9723897911832947,0.8382,102.0,44.0,15.0,0.012,0.1498,0.0,0.5072,222.3915533285612,195.0,132.0,280.0,389.0,0.941549116678597
anchor_grid_tf1p5_mreq0p875_mrfx7p625,full,"{""MR_EQ"": 0.875, ""MR_FX"": 7.625, ""TF_EQ"": 1.5}",1.5,0.875,7.625,10.0,0.75,-0.04,1219600.0365703022,0.25631571312041923,1.3556532671498267,1.3097203046833474,-19.570263376377063,-0.09280904551492289,9,162.13828266210987,966.3312740938899,0.9302,0.9359277574715115,0.9662301860785665,0.8412,115.0,49.0,15.0,0.049,0.1098,0.0,0.4224,243.7681883024251,213.0,146.0,306.0,419.5,0.8609555292439373
slightly_more_tf_1p50_1p00_7p50,full,"{""MR_EQ"": 1.0, ""MR_FX"": 7.5, ""TF_EQ"": 1.5}",1.5,1.0,7.5,10.0,0.75,-0.04,1291752.1312681881,0.261484587352242,1.3602292297924823,1.3342776750157752,-19.597464024806566,-0.09259189399555857,9,162.69711987089403,962.0141884527872,0.929,0.9324004305705059,0.9660586469637497,0.8368,113.0,48.0,15.0,0.0488,0.1144,0.0,0.415,238.66778202676863,209.0,144.0,300.0,409.0,0.8607805449330783
tf_accel_1p75_1p00_7p25,full,"{""MR_EQ"": 1.0, ""MR_FX"": 7.25, ""TF_EQ"": 1.75}",1.75,1.0,7.25,10.0,0.75,-0.04,1517800.441800059,0.2761007761025598,1.309753900500452,1.3161237270093746,-20.978329805659158,-0.10392725578754523,19,173.4397927353002,960.1819109868555,0.9032,0.9278122232063774,0.9670644391408114,0.8104,99.0,43.0,15.0,0.04,0.1496,0.0,0.4834,216.82650542941758,190.0,129.0,271.0,380.0,0.8442997364264561
anchor_grid_tf1p5_mreq1p125_mrfx7p375,full,"{""MR_EQ"": 1.125, ""MR_FX"": 7.375, ""TF_EQ"": 1.5}",1.5,1.125,7.375,10.0,0.75,-0.04,1367682.5069502073,0.2666422980096641,1.362207171660733,1.3585475466743997,-19.627012588729787,-0.09237480220653818,11,163.25889030575874,957.6977309564965,0.9154,0.932707013327507,0.9639259779807917,0.823,111.0,48.0,15.0,0.0594,0.1176,0.0,0.403,233.64641555285542,205.0,141.5,293.0,400.0,0.8214539611178612
balanced_accel_2p00_1p50_6p50,full,"{""MR_EQ"": 1.5, ""MR_FX"": 6.5, ""TF_EQ"": 2.0}",2.0,1.5,6.5,10.0,0.75,-0.04,2220330.0362665807,0.3112525052767061,1.2724499412219352,1.3853529763318757,-22.467379115237296,-0.11393357952847562,32,186.3335644595619,940.6216091939955,0.8796,0.9120054570259208,0.9581151832460733,0.7686,83.0,36.0,15.0,0.016,0.2154,0.0,0.6696,185.0624512099922,160.0,112.0,233.0,320.0,0.8204478719750194
anchor_grid_tf1p75_mreq1p25_mrfx7,full,"{""MR_EQ"": 1.25, ""MR_FX"": 7.0, ""TF_EQ"": 1.75}",1.75,1.25,7.0,10.0,0.75,-0.04,1700406.8812466622,0.28649905952702426,1.3151021463830679,1.3618218308502565,-21.037925302471315,-0.10348727044540643,18,174.56666305897087,951.5318589358764,0.8978,0.9235910002227667,0.9645441389290883,0.7998,96.0,42.0,15.0,0.0534,0.1468,0.0,0.5092,208.90322580645162,183.0,126.0,260.0,367.2000000000003,0.8186499354838709
anchor_grid_tf2p25_mreq1p125_mrfx6p625,full,"{""MR_EQ"": 1.125, ""MR_FX"": 6.625, ""TF_EQ"": 2.25}",2.25,1.125,6.625,10.0,0.75,-0.04,2177687.889043568,0.3094373003506492,1.2251131728825997,1.304666793822908,-23.717726381610614,-0.12508139624043813,31,195.1440415557169,950.9973234280744,0.8868,0.9066305818673883,0.9467661691542288,0.7612,80.0,34.0,15.0,0.0038,0.235,0.0,0.8162,181.82264844981609,156.5,107.0,231.0,318.5,0.8170813788754597
anchor_grid_tf2p25_mreq1p25_mrfx6p5,full,"{""MR_EQ"": 1.25, ""MR_FX"": 6.5, ""TF_EQ"": 2.25}",2.25,1.25,6.5,10.0,0.75,-0.04,2303935.7725368314,0.31471940804945,1.2293918610907573,1.3253099711984742,-23.746852803412477,-0.1248563374390415,34,195.70945367770213,946.6559353334853,0.8848,0.902124773960217,0.9481332999248309,0.7568,79.0,33.0,15.0,0.0034,0.2398,0.0,0.8374,178.66384778012684,153.0,105.0,226.25,309.0,0.8119663805496828
anchor_grid_tf1p75_mreq1p125_mrfx7p125,full,"{""MR_EQ"": 1.125, ""MR_FX"": 7.125, ""TF_EQ"": 1.75}",1.75,1.125,7.125,10.0,0.75,-0.04,1606798.6325334278,0.2813057429197079,1.3134196256161759,1.3391069238284345,-21.006966502381296,-0.10370723283977168,19,174.0017307135591,955.856567567052,0.8972,0.9235399019170754,0.9642770938933141,0.799,97.0,43.0,15.0,0.052,0.149,0.0,0.466,211.94793491864831,186.0,128.0,264.0,372.0,0.8104701627033792
anchor_grid_tf1p75_mreq1p5_mrfx6p75,full,"{""MR_EQ"": 1.5, ""MR_FX"": 6.75, ""TF_EQ"": 1.75}",1.75,1.5,6.75,10.0,0.75,-0.04,1902261.0174059123,0.29684961437710866,1.3131737766014446,1.405148100625124,-21.125859562066506,-0.10304752728231482,21,175.7056963143889,942.8843446873877,0.8838,0.9121973297126047,0.9640287769784173,0.7772,91.0,40.0,15.0,0.0516,0.1712,0.0,0.6678,199.253474009264,174.0,122.0,250.0,343.0,0.7751883149768402
anchor_grid_tf1p125_mreq1p75_mrfx7p125,full,"{""MR_EQ"": 1.75, ""MR_FX"": 7.125, ""TF_EQ"": 1.125}",1.125,1.75,7.125,10.0,0.75,-0.04,1406365.021740869,0.269168453513412,1.3882418447296005,1.2961613109219838,-20.76658601404693,-0.0748916018435193,17,149.77237757950445,938.1884195282005,0.8946,0.9295774647887324,0.9701779701779701,0.8068,113.0,50.0,15.0,0.0688,0.1244,0.0,0.558,231.89836390679227,205.5,146.0,288.0,387.0,0.7662740902330191
anchor_grid_tf2p25_mreq1p75_mrfx6,full,"{""MR_EQ"": 1.75, ""MR_FX"": 6.0, ""TF_EQ"": 2.25}",2.25,1.75,6.0,10.0,0.75,-0.04,2876210.2154089105,0.3357214746699151,1.2342216510479072,1.3933193587984063,-24.095084343006622,-0.12395671945927317,42,198.0023028681155,929.2968530145828,0.869,0.8941311852704258,0.9449163449163449,0.7342,74.0,33.0,15.0,0.0146,0.2512,0.0,0.8842,166.4265867611005,144.0,101.0,212.0,286.0,0.7630915330972485
anchor_grid_tf2_mreq1p25_mrfx6p75,full,"{""MR_EQ"": 1.25, ""MR_FX"": 6.75, ""TF_EQ"": 2.0}",2.0,1.25,6.75,10.0,0.75,-0.04,1985259.0119290345,0.3008120081413872,1.2705659074499907,1.3428858432553101,-22.400415467347855,-0.1143786567971288,27,185.19404025133798,949.2861331162916,0.8776,0.910665451230629,0.9542042042042042,0.7626,86.0,38.0,15.0,0.053,0.1844,0.0,0.5672,190.97456071334906,166.0,114.0,241.0,333.8000000000002,0.7516915982166271
anchor_grid_tf2_mreq0p875_mrfx7p125,full,"{""MR_EQ"": 0.875, ""MR_FX"": 7.125, ""TF_EQ"": 2.0}",2.0,0.875,7.125,10.0,0.75,-0.04,1673990.0908772466,0.28506091082722085,1.2558939996490184,1.277316575720678,-22.31716993623025,-0.11504673179749107,28,183.50756406001324,962.2877278770185,0.8778,0.9138755980861244,0.9586138120169534,0.769,89.0,39.0,15.0,0.0524,0.1786,0.0,0.5416,199.6262678803641,173.0,119.0,252.0,350.1999999999998,0.7501183302990897
anchor_grid_tf2_mreq1p125_mrfx6p875,full,"{""MR_EQ"": 1.125, ""MR_FX"": 6.875, ""TF_EQ"": 2.0}",2.0,1.125,6.875,10.0,0.75,-0.04,1876222.7407374054,0.29557340533212684,1.2673631951663094,1.3212711270193067,-22.370382526932175,-0.11460128724232185,26,184.6288864473696,953.6193565096539,0.8772,0.9117647058823529,0.953988497124281,0.763,87.0,38.0,15.0,0.0548,0.1822,0.0,0.5744,193.2770642201835,168.0,115.5,243.0,338.5999999999999,0.7452633394495412
moderate_more_tf_2p00_1p00_7p00,full,"{""MR_EQ"": 1.0, ""MR_FX"": 7.0, ""TF_EQ"": 2.0}",2.0,1.0,7.0,10.0,0.75,-0.04,1772541.2471779096,0.2903229453813094,1.2625049251449916,1.2994121757647004,-22.342636985870566,-0.11482397890623892,26,184.06674283437266,957.9532213154049,0.8774,0.9106450877592888,0.9566958698372966,0.7644,88.0,39.0,15.0,0.0566,0.179,0.0,0.5354,196.1661433804291,171.0,117.0,248.0,343.9000000000001,0.7408306415489271
anchor_grid_tf2p25_mreq1p5_mrfx6p25,full,"{""MR_EQ"": 1.5, ""MR_FX"": 6.25, ""TF_EQ"": 2.25}",2.25,1.5,6.25,10.0,0.75,-0.04,2576053.955742523,0.32524629137091754,1.2340936661348232,1.3658981307696867,-23.811899587829476,-0.12440640502097339,38,196.8495419080312,937.9751008574785,0.8592,0.8952513966480447,0.9495579823192928,0.7304,75.0,33.0,15.0,0.0312,0.2384,0.0,0.8478,170.1286966046002,147.0,103.0,216.0,296.0,0.7262002584884997
anchor_grid_tf2_mreq1p75_mrfx6p25,full,"{""MR_EQ"": 1.75, ""MR_FX"": 6.25, ""TF_EQ"": 2.0}",2.0,1.75,6.25,10.0,0.75,-0.04,2479696.5269284667,0.32164214877826924,1.269111619309093,1.379482636529864,-23.316143332356187,-0.11348874703141375,34,187.4856972267551,931.9596468053778,0.86,0.9046511627906977,0.9555269922879177,0.7434,80.0,36.0,15.0,0.0518,0.2048,0.0,0.648,178.2959375840732,154.0,108.0,224.0,306.0,0.7261801560398169
anchor_grid_tf1p5_mreq1p25_mrfx7p25,full,"{""MR_EQ"": 1.25, ""MR_FX"": 7.25, ""TF_EQ"": 1.5}",1.5,1.25,7.25,10.0,0.75,-0.04,1447557.7552022927,0.2717885673059355,1.3618111567769908,1.382520464318924,-19.658918209201893,-0.09215777013927784,12,163.82363904800985,953.3819012722716,0.8964,0.9239178937974118,0.958705626660227,0.794,107.0,46.0,15.0,0.0868,0.1192,0.0,0.3856,226.94130982367759,199.0,138.0,285.0,393.0,0.7239907254408063
anchor_grid_tf2_mreq2_mrfx6,full,"{""MR_EQ"": 2.0, ""MR_FX"": 6.0, ""TF_EQ"": 2.0}",2.0,2.0,6.0,10.0,0.75,-0.04,2765420.4442290794,0.33197862827226454,1.2615391009822177,1.3423269155749054,-24.73157800982344,-0.11304415923709961,39,188.65083668170737,923.300243211022,0.8534,0.8996953363018514,0.9564990883042459,0.7344,77.0,35.0,15.0,0.0494,0.2162,0.0,0.6642,171.53758169934642,149.0,105.0,216.0,296.9000000000001,0.7183140457516342
anchor_grid_tf2p25_mreq1_mrfx6p75,full,"{""MR_EQ"": 1.0, ""MR_FX"": 6.75, ""TF_EQ"": 2.25}",2.25,1.0,6.75,10.0,0.75,-0.04,2057622.7196516644,0.30414313063587617,1.219448167165839,1.2837998356028935,-23.690852904109118,-0.12530651678139834,31,194.58165523082133,955.3393592244186,0.8652,0.8999075358298659,0.9440020549704597,0.735,80.0,34.0,15.0,0.0474,0.2176,0.0,0.8514,181.19455782312926,156.0,107.0,230.5,316.5999999999999,0.6960996054421767
anchor_grid_tf2p25_mreq0p875_mrfx6p875,full,"{""MR_EQ"": 0.875, ""MR_FX"": 6.875, ""TF_EQ"": 2.25}",2.25,0.875,6.875,10.0,0.75,-0.04,1943482.0896736374,0.29883718368788936,1.2123326074867935,1.2627159660585983,-23.666223578424393,-0.12553169907041503,31,194.0222492139035,959.6820430708368,0.8654,0.8990062398890687,0.9442159383033419,0.7346,81.0,35.0,15.0,0.048,0.2174,0.0,0.8678,184.37380887557853,160.0,109.0,234.0,322.0,0.6861874778110538
anchor_grid_tf1p5_mreq1p5_mrfx7,full,"{""MR_EQ"": 1.5, ""MR_FX"": 7.0, ""TF_EQ"": 1.5}",1.5,1.5,7.0,10.0,0.75,-0.04,1619836.6091602894,0.2820456637535871,1.3548632649299022,1.3879569725080703,-20.32092271880187,-0.09172388513571632,13,164.96225635667173,944.7521240101543,0.8846,0.9111462808048836,0.9535980148883375,0.7686,102.0,44.0,15.0,0.0898,0.1416,0.0,0.5654,214.45147020556857,189.0,132.0,271.0,371.0,0.6742173244860785
anchor_grid_tf2p25_mreq2_mrfx5p75,full,"{""MR_EQ"": 2.0, ""MR_FX"": 5.75, ""TF_EQ"": 2.25}",2.25,2.0,5.75,10.0,0.75,-0.04,3206774.166991728,0.3461426296825876,1.230495785287821,1.3576210547017313,-25.496262634099686,-0.12350728068603456,50,199.1681359377726,920.6211890267671,0.8436,0.8866761498340445,0.9441176470588235,0.7062,70.0,32.0,15.0,0.046,0.2478,0.0,0.9012,159.1197960917587,139.0,98.0,201.5,273.0,0.6657885097706032
anchor_grid_tf1p5_mreq2_mrfx6p5,full,"{""MR_EQ"": 2.0, ""MR_FX"": 6.5, ""TF_EQ"": 1.5}",1.5,2.0,6.5,10.0,0.75,-0.04,2019676.8599230133,0.30241018358299954,1.323054358906783,1.3043243699479115,-23.185197681699098,-0.09085683141226521,22,167.27731930706673,927.5000886147266,0.8594,0.9059809169187806,0.9573593629591575,0.7454,93.0,41.0,15.0,0.0942,0.1604,0.0,0.528,197.76147035148912,175.0,124.0,249.0,333.0,0.6423163241212771
anchor_grid_tf1p75_mreq1p75_mrfx6p5,full,"{""MR_EQ"": 1.75, ""MR_FX"": 6.5, ""TF_EQ"": 1.75}",1.75,1.75,6.5,10.0,0.75,-0.04,2125042.114811478,0.3071501712777045,1.305335357263418,1.3632011018505024,-22.531537779771295,-0.10260802622911261,25,176.85727309762015,934.2393655396269,0.8648,0.9019426456984274,0.9417948717948718,0.7346,88.0,39.0,15.0,0.0832,0.1822,0.0,0.5958,191.47508848352845,168.0,118.0,241.0,327.0,0.6359542787911788
anchor_grid_tf1p75_mreq2_mrfx6p25,full,"{""MR_EQ"": 2.0, ""MR_FX"": 6.25, ""TF_EQ"": 1.75}",1.75,2.0,6.25,10.0,0.75,-0.04,2370533.7403193307,0.3173984384654065,1.2929387521515854,1.3246272376273507,-23.961340175514213,-0.10216876721666766,31,178.02179029338484,925.5969187944837,0.8578,0.8934483562602005,0.9436325678496869,0.7232,84.0,38.0,15.0,0.088,0.1888,0.0,0.6176,184.0141039823009,160.5,115.0,231.0,310.0,0.6153887400442477
anchor_grid_tf1p5_mreq1p75_mrfx6p75,full,"{""MR_EQ"": 1.75, ""MR_FX"": 6.75, ""TF_EQ"": 1.5}",1.5,1.75,6.75,10.0,0.75,-0.04,1810031.8334193656,0.2922536266592073,1.341334165010372,1.3442568080648198,-21.740907310704493,-0.09129023891624508,18,166.11335122744882,936.124854008944,0.8628,0.8980064904960593,0.9545689210118741,0.7396,97.0,43.0,15.0,0.1062,0.1542,0.0,0.6098,204.8042184964846,179.0,127.0,256.0,347.0,0.5944914537587885
anchor_grid_tf1p125_mreq2_mrfx6p875,full,"{""MR_EQ"": 2.0, ""MR_FX"": 6.875, ""TF_EQ"": 1.125}",1.125,2.0,6.875,10.0,0.75,-0.04,1569898.2633798916,0.2791809758532877,1.3594845028362348,1.260910899401275,-22.141213624678212,-0.08241285478486432,20,150.9356634318588,929.5915994446552,0.8554,0.9071779284545242,0.9652061855670103,0.749,105.0,48.0,15.0,0.1188,0.1322,0.0,0.5464,217.12443257676904,195.0,138.0,268.0,357.0,0.5799249185580774
aggressive_mrfx_dom_2p50_1p50_6p00,full,"{""MR_EQ"": 1.5, ""MR_FX"": 6.0, ""TF_EQ"": 2.5}",2.5,1.5,6.0,10.0,0.75,-0.04,2971128.9466480063,0.33882314671040414,1.1986741803207532,1.347700469496535,-25.14083465719793,-0.13448859203114338,48,207.25712921168883,934.9555840912873,0.8312,0.8707892204042348,0.9218016026526665,0.6672,69.0,29.0,15.0,0.067,0.2658,0.0,1.0216,157.10041966426857,136.5,94.75,201.25,272.0,0.5316329508393286
anchor_grid_tf2p5_mreq1_mrfx6p5,full,"{""MR_EQ"": 1.0, ""MR_FX"": 6.5, ""TF_EQ"": 2.5}",2.5,1.0,6.5,10.0,0.75,-0.04,2374444.6918310025,0.31755358262466826,1.1807186813941055,1.2690259424587456,-25.0234114213147,-0.13539753910536004,41,204.98803411264404,952.3511429018253,0.8372,0.8745819397993311,0.9224255667850314,0.6754,73.0,30.0,15.0,0.0718,0.2528,0.0,0.958,165.43618596387327,143.0,98.0,213.0,288.0,0.5312295350903168
anchor_grid_tf2p5_mreq1p125_mrfx6p375,full,"{""MR_EQ"": 1.125, ""MR_FX"": 6.375, ""TF_EQ"": 2.5}",2.5,1.125,6.375,10.0,0.75,-0.04,2512663.618426439,0.32288965934654756,1.1869061284974536,1.2890099830635304,-25.04943046128709,-0.1351702091427301,42,205.55069929140282,948.0012730406744,0.8366,0.8721013626583791,0.9226973684210527,0.6732,72.0,29.0,15.0,0.072,0.2548,0.0,0.9834,163.33333333333334,141.0,97.0,211.0,284.0,0.5294326666666666
anchor_grid_tf2p5_mreq1p25_mrfx6p25,full,"{""MR_EQ"": 1.25, ""MR_FX"": 6.25, ""TF_EQ"": 2.5}",2.5,1.25,6.25,10.0,0.75,-0.04,2657979.27473689,0.3282134713748912,1.1919265310523546,1.3087878356438116,-25.07766823898071,-0.13494294131502357,45,206.116405673051,943.6520568535661,0.8344,0.8688878235858102,0.9224827586206896,0.6688,71.0,29.0,15.0,0.0736,0.2576,0.0,0.9272,161.37888755980862,140.0,97.0,207.25,279.7000000000003,0.5200807811004784
anchor_grid_tf2p75_mreq1p5_mrfx5p75,full,"{""MR_EQ"": 1.5, ""MR_FX"": 5.75, ""TF_EQ"": 2.75}",2.75,1.5,5.75,10.0,0.75,-0.04,3406858.4760471834,0.3519754718529662,1.1663082304468675,1.2936937371378106,-27.20701675743461,-0.14420111269216276,69,217.55965967681448,931.5734238347413,0.834,0.8589928057553957,0.9084310441094361,0.6508,64.0,26.0,15.0,0.0566,0.2926,0.0,1.0338,146.22833435771358,126.0,88.0,186.0,254.0,0.5198911641057162
anchor_grid_tf2p75_mreq1p25_mrfx6,full,"{""MR_EQ"": 1.25, ""MR_FX"": 6.0, ""TF_EQ"": 2.75}",2.75,1.25,6.0,10.0,0.75,-0.04,3048581.403833735,0.34128663479375265,1.1580964746078346,1.2439075338934293,-27.436656302380115,-0.1446594773014744,66,216.41823118425344,940.2848882039087,0.8358,0.8600143575017947,0.9081803005008348,0.6528,66.0,26.0,15.0,0.0594,0.2878,0.0,0.974,150.1200980392157,129.0,89.0,193.0,263.7000000000003,0.5139597549019609
anchor_grid_tf2p5_mreq0p875_mrfx6p625,full,"{""MR_EQ"": 0.875, ""MR_FX"": 6.625, ""TF_EQ"": 2.5}",2.5,0.875,6.625,10.0,0.75,-0.04,2243027.257937703,0.31220552814776226,1.1733214553923192,1.2488419721098476,-24.999602441316792,-0.13562493121122357,40,204.42836450992107,956.7016667898678,0.8364,0.8725490196078431,0.9197040285009591,0.6712,73.0,30.0,15.0,0.0762,0.2526,0.0,0.9792,167.59654350417162,144.0,98.0,215.0,291.0,0.5086166412395711
anchor_grid_tf2p75_mreq1p125_mrfx6p125,full,"{""MR_EQ"": 1.125, ""MR_FX"": 6.125, ""TF_EQ"": 2.75}",2.75,1.125,6.125,10.0,0.75,-0.04,2882288.9122098684,0.3359229372646224,1.1525791237247216,1.2192222817350915,-27.552230819351987,-0.1448887532219797,66,215.85219544668524,944.6416086932469,0.8342,0.8573483577079837,0.9060402684563759,0.648,66.0,26.0,15.0,0.0624,0.2896,0.0,0.9202,152.07685185185184,130.0,89.0,196.0,267.0999999999999,0.4922058703703704
anchor_grid_tf2p5_mreq1p75_mrfx5p75,full,"{""MR_EQ"": 1.75, ""MR_FX"": 5.75, ""TF_EQ"": 2.5}",2.5,1.75,5.75,10.0,0.75,-0.04,3316445.855565469,0.3493802854989716,1.2014314740878824,1.3857159588499746,-25.212979851146933,-0.13403449118725244,53,208.41058886123335,926.2617217970121,0.8224,0.8635700389105059,0.9155167558434244,0.6502,67.0,29.0,15.0,0.0758,0.274,0.0,1.038,151.1937865272224,132.0,91.0,193.0,261.0,0.4864355336819439
anchor_grid_tf2p75_mreq1_mrfx6p25,full,"{""MR_EQ"": 1.0, ""MR_FX"": 6.25, ""TF_EQ"": 2.75}",2.75,1.0,6.25,10.0,0.75,-0.04,2724095.1196014513,0.33054677469989047,1.1460729631485944,1.1946765676567583,-27.668306523181062,-0.1451180915638223,64,215.28921613408488,948.9989885281261,0.8336,0.8591650671785028,0.9025411896118403,0.6464,68.0,26.0,15.0,0.0636,0.29,0.0,0.9354,153.2237004950495,132.0,90.0,198.0,268.0,0.4831867487623761
anchor_grid_tf2p75_mreq0p875_mrfx6p375,full,"{""MR_EQ"": 0.875, ""MR_FX"": 6.375, ""TF_EQ"": 2.75}",2.75,0.875,6.375,10.0,0.75,-0.04,2573664.3590135034,0.3251584361042352,1.1385494407103687,1.1702710741480917,-27.784881920706873,-0.14534749233508004,63,214.7292474808004,953.3570280656296,0.8326,0.8611578188806149,0.901534170153417,0.6464,68.0,27.0,15.0,0.0648,0.2888,0.0,0.9174,154.2240099009901,133.0,91.0,198.0,270.0,0.4796659752475247
anchor_grid_tf2p75_mreq1p75_mrfx5p5,full,"{""MR_EQ"": 1.75, ""MR_FX"": 5.5, ""TF_EQ"": 2.75}",2.75,1.75,5.5,10.0,0.75,-0.04,3801826.446206883,0.362610946269571,1.1710406755071636,1.3437565869294616,-26.98486837546611,-0.14374299767126805,76,218.71388693942447,922.8645925688347,0.8156,0.8540951446787641,0.9078380706287683,0.6324,62.0,26.0,15.0,0.0704,0.2972,0.0,1.052,141.16571790006324,122.0,85.0,179.0,244.0,0.4633657052498418
anchor_grid_tf2p5_mreq2_mrfx5p5,full,"{""MR_EQ"": 2.0, ""MR_FX"": 5.5, ""TF_EQ"": 2.5}",2.5,2.0,5.5,10.0,0.75,-0.04,3696637.202087867,0.3598825423139338,1.200723579342531,1.3698723954519203,-26.27124566556498,-0.13358063871689263,61,209.5771852603866,917.5704671566078,0.7946,0.8567832871885225,0.9180376028202115,0.625,64.0,28.0,15.0,0.1098,0.2652,0.0,1.0472,145.072,126.0,88.0,184.0,250.0,0.392048
anchor_grid_tf2p75_mreq2_mrfx5p25,full,"{""MR_EQ"": 2.0, ""MR_FX"": 5.25, ""TF_EQ"": 2.75}",2.75,2.0,5.25,10.0,0.75,-0.04,4236560.30738553,0.3731906961878628,1.1726782634064694,1.379277235827269,-27.0569749499294,-0.14328513217417316,83,219.88131487844117,922.1268864836425,0.7922,0.842464024236304,0.9035061432424333,0.603,59.0,25.0,15.0,0.1088,0.2882,0.0,1.0594,134.64112769485905,118.0,83.0,170.0,234.0,0.3530031807628523
anchor_grid_tf3_mreq1p25_mrfx5p75,full,"{""MR_EQ"": 1.25, ""MR_FX"": 5.75, ""TF_EQ"": 3.0}",3.0,1.25,5.75,10.0,0.75,-0.04,3476512.945603552,0.35393156637926104,1.1276394580996054,1.1399293285420904,-31.048553407422276,-0.15402547664109265,82,226.61810984731545,936.5644376108426,0.8046,0.8513547104151131,0.8744525547445255,0.599,59.0,23.0,15.0,0.1012,0.2998,0.0,1.239,136.75025041736228,118.0,83.0,173.0,237.0,0.34153437395659414
anchor_grid_tf3_mreq1p125_mrfx5p875,full,"{""MR_EQ"": 1.125, ""MR_FX"": 5.875, ""TF_EQ"": 3.0}",3.0,1.125,5.875,10.0,0.75,-0.04,3287304.956390251,0.3485298194472717,1.1218020285328727,1.1186173281561371,-31.157198326416747,-0.15425657636606763,81,226.0517104356165,940.9283508319785,0.8064,0.8504464285714286,0.8731408573928259,0.5988,60.0,23.0,15.0,0.102,0.2992,0.0,1.258,138.14796259185036,119.0,83.0,175.0,239.0,0.3364500935203742
max_speed_mrfx_dom_3p00_1p50_5p50,full,"{""MR_EQ"": 1.5, ""MR_FX"": 5.5, ""TF_EQ"": 3.0}",3.0,1.5,5.5,10.0,0.75,-0.04,3884074.653501532,0.36469590074956004,1.1368830333307094,1.1828213601029265,-30.83271177296164,-0.1535634649995514,86,227.760311431389,927.8386039203791,0.7944,0.8496978851963746,0.8773333333333333,0.5922,57.0,23.0,15.0,0.1006,0.3072,0.0,1.3384,133.54913880445795,116.0,81.0,169.0,230.0,0.32874315298885504
anchor_grid_tf3_mreq1_mrfx6,full,"{""MR_EQ"": 1.0, ""MR_FX"": 6.0, ""TF_EQ"": 3.0}",3.0,1.0,6.0,10.0,0.75,-0.04,3107286.312931817,0.34311540961073117,1.1151210020221718,1.0973960616350356,-31.2663241290948,-0.15448773870425803,78,225.48838250313005,945.2929287846972,0.8058,0.850831471829238,0.8707701283547258,0.597,61.0,24.0,15.0,0.1012,0.3018,0.0,1.2808,139.45829145728644,120.0,84.0,178.0,242.0,0.3283462713567838
anchor_grid_tf3_mreq0p875_mrfx6p125,full,"{""MR_EQ"": 0.875, ""MR_FX"": 6.125, ""TF_EQ"": 3.0}",3.0,0.875,6.125,10.0,0.75,-0.04,2936077.5593016567,0.3376886278501119,1.1075772764189957,1.0762665333845816,-31.37592941668157,-0.15471896366347285,77,224.92808014425228,949.658171830043,0.8058,0.8510796723752793,0.8699329250510353,0.5966,62.0,24.0,15.0,0.1044,0.299,0.0,1.2716,140.77405296681192,122.0,84.0,180.5,243.0,0.3207488675829702
anchor_grid_tf3_mreq2_mrfx5,full,"{""MR_EQ"": 2.0, ""MR_FX"": 5.0, ""TF_EQ"": 3.0}",3.0,2.0,5.0,10.0,0.75,-0.04,4827506.255737495,0.3860596586969649,1.1465382258747059,1.2692740533918783,-30.415784334777708,-0.15264019273143678,97,230.08370009923325,929.1722388003026,0.7784,0.8435251798561151,0.8860798050563509,0.5818,54.0,22.0,15.0,0.118,0.3002,0.0,1.2634,126.32072877277415,111.0,78.0,158.0,216.20000000000027,0.2989641780680646
anchor_grid_tf3_mreq1p75_mrfx5p25,full,"{""MR_EQ"": 1.75, ""MR_FX"": 5.25, ""TF_EQ"": 3.0}",3.0,1.75,5.25,10.0,0.75,-0.04,4333248.148081046,0.3754060573703957,1.1430883630573132,1.2260604338787504,-30.61888688331337,-0.15310170371715812,90,228.91537378745616,924.6650386767225,0.7778,0.8374903574183594,0.8753454098863985,0.5702,55.0,23.0,15.0,0.1186,0.3112,0.0,1.2788,128.05612065941776,111.0,78.0,161.0,221.0,0.2590716983514557
