Budget Case,Strategy,Target Budget,Target Budget Share %,Total PnL,PnL Contribution %,Avg Daily PnL,Daily Vol,Sharpe-like Daily,Positive Days %,Worst Day,Avg Losing Day,Corr To Portfolio Daily PnL,Variance Contribution Approx %,PnL In MaxDD Window,MaxDD Loss Contribution %,Avg Gross Exposure %,Max Gross Exposure %
old_anchor_1p125_0p875_8p000,MR_EQ,0.875,8.75,198922.95591198208,22.195296507153422,38.897723095811905,1116.717852094023,0.03483218524972311,9.913961673836527,-12277.754681628518,-1245.3742731690334,0.41574035798331754,14.770423289626253,-6386.912101855443,6.333426846580839,11.859871501975519,89.77572003452002
old_anchor_1p125_0p875_8p000,MR_FX,8.0,80.0,339308.8358643793,37.85918113362059,66.34900975056303,1751.8346047762586,0.03787401480120722,43.56667970277669,-51562.546027696924,-1434.4654633150817,0.5597222396256933,31.195572557006507,-65402.269201828385,64.85457776533876,72.90602764047635,830.4118559617752
old_anchor_1p125_0p875_8p000,TF_EQ,1.125,11.25,358007.44453152176,39.945522359226,70.00536654898744,2253.0918141676275,0.031070800625517304,29.429018380915135,-25447.74650986446,-1658.0360513798396,0.7538083871223937,54.034004153367285,-22236.216132107627,22.050005694700552,61.03300060465611,120.53913844189263
slightly_more_tf_1p50_1p00_7p50,MR_EQ,1.0,10.0,282710.1126798758,22.76703261150411,55.28160201014388,1632.9994206446631,0.033852799524154285,9.913961673836527,-18459.83009412815,-1780.232998629414,0.41029052092780416,13.949406154723325,-9528.887239833799,6.5558501398499756,13.57540786044994,103.84581164719555
slightly_more_tf_1p50_1p00_7p50,MR_FX,7.5,75.0,382434.5208878963,30.79797580031692,74.78187737346427,2115.9176468899354,0.03534252738209439,43.56667970277669,-62560.353976680664,-1679.3505475668549,0.44438404583124874,19.576516944616714,-51584.223018356905,35.48981399163307,68.339809258015,776.3272467611645
slightly_more_tf_1p50_1p00_7p50,TF_EQ,1.5,15.0,576607.4977004164,46.43499158817897,112.75078171693711,3830.704369887918,0.029433433340155163,29.429018380915135,-45662.82694818388,-2761.729111266609,0.8334805558024483,66.47407690066,-70913.01229405566,48.787971760412645,80.78190275242908,159.98042532142873
tf_accel_1p75_1p00_7p25,MR_EQ,1.0,10.0,318107.6636866209,21.67240550060781,62.203297553113195,1858.0211072923962,0.03347825130133157,9.894407508799375,-21182.339073892217,-2002.1610302882702,0.3826591382736028,11.751961218008104,-10911.918060888507,6.007978495283752,13.582565186224128,104.47352289516083
tf_accel_1p75_1p00_7p25,MR_FX,7.25,72.5,407887.67086723784,27.789041292767276,79.75902832757878,2334.6589153030413,0.03416303246901741,43.54712553773954,-68822.57218077732,-1824.279699440195,0.39065006291629467,15.07505677686802,-57979.19996585997,31.922690825290122,66.05704149400006,749.3985527905703
tf_accel_1p75_1p00_7p25,TF_EQ,1.75,17.5,741805.1072461967,50.538553206624925,145.05379492495047,5077.0418007311855,0.0285705339089507,29.429018380915135,-62126.667806960875,-3624.0924685571144,0.8719516381137395,73.17298200512384,-96111.78282237501,52.918059054156174,93.800186055076,187.44875393418644
moderate_more_tf_2p00_1p00_7p00,MR_EQ,1.0,10.0,356873.50865561585,20.71784981870774,69.78363485639731,2105.948926843647,0.03313643268689692,9.894407508799375,-24168.31959621655,-2244.708386840406,0.3587430903894355,10.009163956687598,-12440.938607845892,5.532318945253454,13.58977878231533,105.11146613174046
moderate_more_tf_2p00_1p00_7p00,MR_FX,7.0,70.0,433646.6335515123,25.17481855728953,84.79597840272044,2562.4381913389248,0.033091911714917446,43.54712553773954,-75187.49197789084,-1975.584036342415,0.3449462587093494,11.71038736587653,-64826.88812073192,28.82764979532756,63.774629585488114,722.5451772351358
moderate_more_tf_2p00_1p00_7p00,TF_EQ,2.0,20.0,932021.1049707872,54.10733162400273,182.24894504708394,6565.991952392596,0.027756498388742896,29.429018380915135,-82301.39406036749,-4644.059383287132,0.8998840129850957,78.28044867743587,-127091.82205968013,56.51603284370608,106.7023344665692,215.19306321896906
balanced_accel_2p00_1p50_6p50,MR_EQ,1.5,15.0,619613.0919183574,28.5492566367565,121.1601665855216,3807.7459466460914,0.03181939348979964,9.913961673836527,-45297.350221334316,-4000.941477313957,0.476251537332897,19.020243853942045,-23156.014841328142,8.468503414770776,20.45075688848257,159.77955976305537
balanced_accel_2p00_1p50_6p50,MR_FX,6.5,65.0,463750.90038709866,21.36775940238315,90.68261642297588,2882.3342694516705,0.03146151970785372,43.56667970277669,-85815.6422953456,-2171.5021732005,0.30709105311427476,9.283745675284976,-72085.04146391324,26.362585443740755,59.21195918143909,669.0631258948978
balanced_accel_2p00_1p50_6p50,TF_EQ,2.0,20.0,1086966.0439611282,50.082983960860375,212.5471341339711,7872.840603552105,0.026997515234599454,29.429018380915135,-101910.83531413763,-5483.140786570198,0.8682640222748813,71.696010470773,-154086.46859213855,56.351742490403936,106.67084838964023,215.62064034025
aggressive_mrfx_dom_2p50_1p50_6p00,MR_EQ,1.5,15.0,773748.5297317004,26.487996383027735,151.30006447628088,4838.2294444328145,0.03127178365845727,9.913961673836527,-57922.9171972858,-4989.250478454638,0.4236454679182347,14.390791684690498,-29699.275866056734,7.27631349282179,20.47297797863379,161.83685034726363
aggressive_mrfx_dom_2p50_1p50_6p00,MR_FX,6.0,60.0,517150.68818456493,17.703795266484036,101.12449905838189,3396.2926193176836,0.029774966527677416,43.56667970277669,-99611.43740143249,-2503.8126009076736,0.24457004362674784,5.8318188321556645,-88101.81863182918,21.584918586704653,54.64942018931954,620.8539073274039
aggressive_mrfx_dom_2p50_1p50_6p00,TF_EQ,2.5,25.0,1630229.7287317417,55.80820835048821,318.777811640935,12464.282146449335,0.025575304529811556,29.429018380915135,-167966.69417816354,-8547.183332032024,0.9116263885289668,79.77738948315385,-254566.8873996297,62.36880946072398,132.1347310437355,272.69654528124215
max_speed_mrfx_dom_3p00_1p50_5p50,MR_EQ,1.5,15.0,953417.4274212196,24.86695000971076,186.43281725092288,6047.089244583399,0.03083017460308158,9.913961673836527,-72471.14221359987,-6134.845081330994,0.38315531055622815,11.267997934606818,94942.91719726293,-13.71868645448924,20.495570653025588,163.96260464949083
max_speed_mrfx_dom_3p00_1p50_5p50,MR_FX,5.5,55.00000000000001,566566.9273391137,14.777149078766255,110.78743201781651,3905.123863052203,0.028369761345092455,43.56667970277669,-112318.8079135248,-2828.1762127054753,0.19676458335862657,3.736863851098294,211737.72893339448,-30.59484161190924,50.08825556148048,573.2815389643737
max_speed_mrfx_dom_3p00_1p50_5p50,TF_EQ,3.0,30.0,2314090.29874121,60.355900911522994,452.50103612460106,18633.02673603635,0.024284891689092154,29.429018380915135,-259684.9877363448,-12611.637264930443,0.9379617883261469,84.99513821429488,-952085.1831426125,137.57064235092838,157.17648521688292,332.7976992163264
anchor_grid_tf1p125_mreq1_mrfx7p875,MR_EQ,1.0,10.0,235605.97248970252,24.73741389961325,46.07078069802552,1336.1984318801474,0.034478996232019166,9.913961673836527,-14855.332440614642,-1484.2683131580961,0.4585630604645302,18.298211977116168,-7711.210738882015,7.295347262281843,13.564774399807854,102.9228965905278
anchor_grid_tf1p125_mreq1_mrfx7p875,MR_FX,7.875,78.75,345348.6294711193,36.25982778201703,67.53004096032838,1808.5196398294215,0.03733995444290435,43.56667970277669,-53515.67931431712,-1470.5747825625556,0.5421746114922801,29.282020191852393,-67470.09889942863,63.83145500225227,71.76463569074411,816.862201612866
anchor_grid_tf1p125_mreq1_mrfx7p875,TF_EQ,1.125,11.25,371473.05860957433,39.002758318369715,72.63845494907594,2356.091708876542,0.030830062631013722,29.429018380915135,-26880.73353006266,-1726.6308759903136,0.7450137234141846,52.41976783103149,-23399.88450112837,22.137935158774827,61.028173775112364,120.40752803972998
anchor_grid_tf1p125_mreq1p125_mrfx7p75,MR_EQ,1.125,11.25,274680.2974144694,27.15381671283103,53.71143868096782,1573.852768444567,0.034127359151930485,9.913961673836527,-17687.22283174185,-1741.3355207683703,0.49888457357120514,21.969677846679993,-9162.016664064606,8.270667337122758,15.272464525412143,116.15287413746678
anchor_grid_tf1p125_mreq1p125_mrfx7p75,MR_FX,7.75,77.5,351427.87989621115,34.740781658909896,68.71878762147266,1866.3890738767752,0.036819111611456894,43.56667970277669,-55509.25176776643,-1507.1846130648596,0.5239807635722477,27.363839734395018,-69567.29128593631,62.79926623877628,70.62331563488954,803.3315752082085
anchor_grid_tf1p125_mreq1p125_mrfx7p75,TF_EQ,1.125,11.25,385463.41985884117,38.10540162825906,75.37415327705146,2463.7223893107316,0.030593606489138035,29.429018380915135,-28384.31453834637,-1797.9893251997737,0.7349697629158372,50.666482418925,-24617.481803273666,22.222509534513726,61.023396677055935,120.27615326963719
anchor_grid_tf1p125_mreq1p25_mrfx7p625,MR_EQ,1.25,12.5,316264.70693046966,29.452791860557742,61.84292274745203,1830.8868295358022,0.033777578029293875,9.913961673836527,-20791.956471150217,-2017.6751807221165,0.5366544719934103,25.718562533525883,-27950.40703184926,23.911347130203627,16.982986735705353,129.46643757421256
anchor_grid_tf1p125_mreq1p25_mrfx7p625,MR_FX,7.625,76.25,357540.1025446685,33.29664673701868,69.91398172559023,1925.4012131823342,0.03631138343890169,43.56667970277669,-57541.86526582186,-1544.263322307023,0.5053497386638431,25.46852094316901,-55697.001968947385,47.64833466194504,69.48206740322539,789.8199368523512
anchor_grid_tf1p125_mreq1p25_mrfx7p625,TF_EQ,1.125,11.25,399997.32251901575,37.25056140242358,78.21613658956116,2576.1605167480334,0.030361515162221256,29.429018380915135,-29961.349242533382,-1872.2081495182385,0.7238880367594266,48.81291652330505,-6357.759342376783,5.4390116906933725,61.018669403161056,120.1450135225099
anchor_grid_tf1p125_mreq1p5_mrfx7p375,MR_EQ,1.5,15.0,407460.822020533,33.7282713055427,79.67556159963493,2408.231478736541,0.0330846774087664,9.913961673836527,-27899.357610364154,-2632.83761446634,0.6045862674335194,33.22243839062984,-37215.79674805593,27.004469508919577,20.41271135085255,157.33502802873667
anchor_grid_tf1p125_mreq1p5_mrfx7p375,MR_FX,7.375,73.75,369834.8174896341,30.613713977874546,72.31811057677632,2046.6580728384993,0.03533473008340798,43.56667970277669,-61717.622171378986,-1619.6838467418713,0.46752156931538047,21.833428703706804,-59036.94346065544,42.838296607645766,67.19978613833992,762.8534652614534
anchor_grid_tf1p125_mreq1p5_mrfx7p375,TF_EQ,1.125,11.25,430773.455787858,35.658014716582755,84.23415248100468,2816.188972557655,0.029910688984945307,29.429018380915135,-33347.61916264979,-2029.6259913886502,0.6994170500408052,44.944132905663395,-7175.696638132242,5.206818018206778,61.00936472680026,119.88343667113668
anchor_grid_tf1p125_mreq1p75_mrfx7p125,MR_EQ,1.75,17.5,510233.36069124326,37.61770264735721,99.7718734241774,3079.1651982887497,0.032402247687011325,9.913961673836527,-36347.50978235743,-3339.6503065884717,0.6628272368502063,40.44503316916309,-48125.35241295118,29.74655110622923,23.85432562045132,187.97744505238677
anchor_grid_tf1p125_mreq1p75_mrfx7p125,MR_FX,7.125,71.25,382169.7145693364,28.176022563515236,74.73009670890426,2171.837372824914,0.034408698203633285,43.586233867813846,-66027.61578302027,-1698.1876842668255,0.4299630879734677,18.50505310274139,-62440.23637556967,38.594661426958616,64.91779135744468,735.9624698960325
anchor_grid_tf1p125_mreq1p75_mrfx7p125,TF_EQ,1.125,11.25,463961.94648029224,34.20627478912755,90.72388472434342,3077.6834206190356,0.0294779781820755,29.429018380915135,-37064.02516524715,-2199.70670351751,0.6730641260086808,41.04991372809552,-8085.061499441217,4.997422003821254,61.00026060160845,119.62279265426127
anchor_grid_tf1p125_mreq2_mrfx6p875,MR_EQ,2.0,20.0,625694.899958692,41.16689353715665,122.34941336697146,3855.724466856325,0.03173188707302164,9.913961673836527,-46325.239756534516,-4148.951122999898,0.712258666648573,47.15696668094393,-60898.84697782452,32.19153808765164,27.308222916445352,220.13846226369975
anchor_grid_tf1p125_mreq2_mrfx6p875,MR_FX,6.875,68.75,394471.9354837568,25.953838160624365,77.13569328974518,2300.3803757013548,0.03353171245265364,43.586233867813846,-70452.835822706,-1776.1167215722585,0.39358968022493507,15.54696013738579,-65889.93731815073,34.829861845210246,62.63608253792843,709.1466355745764
anchor_grid_tf1p125_mreq2_mrfx6p875,TF_EQ,1.125,11.25,499731.42793744063,32.879268302218975,97.71830816140802,3362.2248820299114,0.029063584855279375,29.429018380915135,-41136.331999803195,-2383.311179542915,0.646002535245917,37.29607318167032,-9094.512389400887,4.807420115501122,60.99135797748505,119.6384996271276
anchor_grid_tf1p5_mreq0p875_mrfx7p625,MR_EQ,0.875,8.75,238570.3691917026,20.397602747284363,46.65044372149054,1364.0741412045872,0.03419934614426049,9.913961673836527,-15260.200821229286,-1492.754113566144,0.3724981249968311,11.228504758795117,-7893.246959790908,5.707611885131833,11.869143473987274,90.57803283438814
anchor_grid_tf1p5_mreq0p875_mrfx7p625,MR_FX,7.625,76.25,375714.47215967864,32.123329378597845,73.4678279545715,2050.3001918848445,0.03583271768951668,43.56667970277669,-60336.48172864836,-1638.2122992388622,0.4571174788339552,20.71119417658694,-50087.1273690575,36.21803358238235,69.48096622359057,789.8199368523511
anchor_grid_tf1p5_mreq0p875_mrfx7p625,TF_EQ,1.5,15.0,555315.1952189194,47.479067874117774,108.58724974949538,3661.5193317090234,0.02965633659479056,29.429018380915135,-43237.363969861355,-2650.4782965396194,0.8411484987534609,68.06030106461795,-67518.53138634562,48.82269288804329,80.78817296453202,160.12168600704985
anchor_grid_tf1p5_mreq1p125_mrfx7p375,MR_EQ,1.125,11.25,329761.34012698964,25.02585701697034,64.48207667715872,1924.3558719335133,0.033508394999917444,9.913961673836527,-21973.999685129907,-2089.8441481238756,0.44639653247634703,16.82667959400213,-11320.489756563707,7.411343407956093,15.284469194061268,117.19795233716586
anchor_grid_tf1p5_mreq1p125_mrfx7p375,MR_FX,7.375,73.75,389183.8243357292,29.535477801591174,76.10164730851177,2182.740010539686,0.03486519097145955,43.56667970277669,-64825.37217351684,-1720.9724866588906,0.4311782452346657,18.435336679350133,-53096.65154933727,34.76152771716948,67.19872399421139,762.8534652614534
anchor_grid_tf1p5_mreq1p125_mrfx7p375,TF_EQ,1.5,15.0,598737.3424874906,45.438665181438495,117.07808808906739,4007.4746157059285,0.029214929429676184,29.429018380915135,-48207.218809140846,-2877.4795545529237,0.8247003248840623,64.73798372664773,-74458.6729543602,48.746901135217726,80.77569711748606,160.03046805234348
anchor_grid_tf1p5_mreq1p25_mrfx7p25,MR_EQ,1.25,12.5,379869.1128526149,27.18092411126365,74.28023325236897,2239.62457204993,0.03316637715953447,9.913961673836527,-25825.520424697257,-2422.929740054526,0.4807496386443412,19.817831658359015,-13279.126510821428,8.273757504812956,16.996372505264514,130.63526216640244
anchor_grid_tf1p5_mreq1p25_mrfx7p25,MR_FX,7.25,72.5,395953.8401304336,28.33184093154851,77.42546737004959,2250.7063179196325,0.03440051985174828,43.56667970277669,-67129.50919155264,-1763.03415473099,0.41761295224566497,17.300343838689724,-54622.65360177557,34.033457682792495,66.0577103641817,749.3985527905705
anchor_grid_tf1p5_mreq1p25_mrfx7p25,TF_EQ,1.5,15.0,621734.8022192441,44.48723495718785,121.57504931936724,4192.117463729123,0.029000868981190097,29.429018380915135,-50875.32625044137,-2997.8868254515587,0.8149477146947144,62.88182450295127,-78161.20072971593,48.699499970550086,80.76955617856365,160.10929489147324
anchor_grid_tf1p5_mreq1p5_mrfx7,MR_EQ,1.5,15.0,489861.27101592196,31.20460232341945,95.7882813875483,2948.20529618348,0.032490370162331784,9.913961673836527,-34638.317848545616,-3165.2199174767243,0.5440760431844794,25.985342317939086,-46327.92014880298,25.39386749379998,20.428889717983107,157.7874455536039
anchor_grid_tf1p5_mreq1p5_mrfx7,MR_FX,7.0,70.0,409518.45929737645,26.08669315696671,80.07791538861487,2389.7903833594437,0.033508342801198104,43.56667970277669,-71845.77696584043,-1848.2792994189733,0.38982563522900066,15.091809735370118,-37590.31623186615,20.60449738248635,63.7758977382518,722.5451772351357
anchor_grid_tf1p5_mreq1p5_mrfx7,TF_EQ,1.5,15.0,670456.8788469947,42.70870451961384,131.1022445926857,4586.208030517567,0.02858619664007924,29.429018380915135,-56602.49688459793,-3253.320053895253,0.7930834045681052,58.92284794669077,-50266.709342533955,27.552848310343286,80.75746890043679,160.26818218674094
anchor_grid_tf1p5_mreq1p75_mrfx6p75,MR_EQ,1.75,17.5,613955.3029913206,34.88319309535084,120.05383320127505,3772.1570084780847,0.03182630864289289,9.913961673836527,-45107.274206024886,-4019.180038561918,0.6002730544856353,32.17654999392985,-59888.40738194605,27.929315180478543,23.87333835630322,187.99938800568782
anchor_grid_tf1p5_mreq1p75_mrfx6p75,MR_FX,6.75,67.5,423046.0975210634,24.0362753382236,82.7231320925036,2532.530798641053,0.032664215628450614,43.586233867813846,-76687.74815908482,-1936.5551200658656,0.3617829838015893,13.019782782472369,-39564.63889255721,18.451204798028524,61.49437085583862,695.7668057900693
anchor_grid_tf1p5_mreq1p75_mrfx6p75,TF_EQ,1.5,15.0,723030.4329069806,41.08053156642556,141.38256411947216,5015.425427379073,0.028189545665990474,29.429018380915135,-62885.28290851775,-3529.3640372162736,0.7689550905616277,54.80366722359775,-55432.37709293491,25.85121893721346,80.74564201530697,160.4287207369939
anchor_grid_tf1p5_mreq2_mrfx6p5,MR_EQ,2.0,20.0,753509.4560890916,38.255486035335956,147.34248261421425,4726.240046753378,0.031175412411696912,9.913961673836527,-57464.46940307156,-4998.033562394446,0.6496562022077373,38.18314244618576,-75758.52723374678,30.186280233818287,27.330113356512694,220.16903960604415
anchor_grid_tf1p5_mreq2_mrfx6p5,MR_FX,6.5,65.0,436442.28969389177,22.158065547409176,85.34264561867262,2678.154614678588,0.03186621308229241,43.586233867813846,-81629.43365700293,-2023.6088798568703,0.33409507667040383,11.126998377179582,-41539.930838500455,16.55174722860553,59.21312920924396,669.0631258948978
anchor_grid_tf1p5_mreq2_mrfx6p5,TF_EQ,1.5,15.0,779725.1141400286,39.58644841725487,152.46873565507013,5482.339398934515,0.02781088957839827,29.429018380915135,-69766.74429921596,-3827.415965383484,0.74350323685723,50.68985917663464,-61067.90713235451,24.332745438706098,80.73407674131006,160.59091835443832
anchor_grid_tf1p75_mreq0p875_mrfx7p375,MR_EQ,0.875,8.75,268363.12867016933,19.40135679311656,52.47616907903194,1551.6415042713147,0.03381977662660932,9.913961673836527,-17513.370790307148,-1678.23689063682,0.34788713780326974,9.452250297773837,-9039.461105231574,5.229560936261153,11.875384270515505,91.12368949909407
anchor_grid_tf1p75_mreq0p875_mrfx7p375,MR_FX,7.375,73.75,400738.16956648615,28.971432278744626,78.36100304389639,2263.085244824308,0.034625740777157445,43.54712553773954,-66422.49441816885,-1779.863614343998,0.4011563650005176,15.89717861167053,-56334.99336757061,32.59124379539339,67.19804266948037,762.8534652614533
anchor_grid_tf1p75_mreq0p875_mrfx7p375,TF_EQ,1.75,17.5,714117.0587670277,51.62721092813881,139.63962822976686,4851.618501185874,0.02878207101313406,29.429018380915135,-58834.560003246996,-3476.956555833699,0.8787008321317663,74.65057109055567,-91522.5443643562,52.948147818022406,93.80737696777018,187.35709646241048
anchor_grid_tf1p75_mreq1p125_mrfx7p125,MR_EQ,1.125,11.25,371154.87832340057,23.84090469808594,72.57623745080183,2190.0454348341004,0.03313914693112273,9.894407508799375,-25211.11895210808,-2351.1898488860043,0.4161246211993058,14.202464090369544,-12962.713660548703,6.793420019579225,15.292549627724036,117.9087885426141
anchor_grid_tf1p75_mreq1p125_mrfx7p125,MR_FX,7.125,71.25,415055.77024132456,26.660851414411262,81.16069030921481,2407.4165203269495,0.03371277451323315,43.54712553773954,-71263.12695554097,-1869.1453743912193,0.37976479997245105,14.247973758872787,-59637.217403708244,31.254309647784105,64.91611189388222,735.9624698960324
anchor_grid_tf1p75_mreq1p125_mrfx7p125,TF_EQ,1.75,17.5,770587.9839687067,49.49824388750281,150.68204614171034,5312.551075200608,0.028363406583534905,29.429018380915135,-65579.6997651431,-3777.190604546899,0.8642048510262126,71.54956215075764,-100904.77081310615,52.88155767870233,93.79306919195284,187.54089311944892
anchor_grid_tf1p75_mreq1p25_mrfx7,MR_EQ,1.25,12.5,427669.55435659026,25.91297692806173,83.62721047254405,2549.4021396054145,0.032802675252123034,9.913961673836527,-29625.72245225223,-2726.847421436913,0.4482196001393878,16.772449544243013,-15204.487100254162,7.585602811405774,17.00538274322475,131.43030916162746
anchor_grid_tf1p75_mreq1p25_mrfx7,MR_FX,7.0,70.0,422232.28398745775,25.583526631234,82.56399765104766,2481.2812227699665,0.033274744069065144,43.54712553773954,-73741.62196416315,-1914.4066778864938,0.3685771557862326,13.423683616310328,-61306.87955634175,30.586341706543145,63.77525380225491,722.545177235136
anchor_grid_tf1p75_mreq1p25_mrfx7,TF_EQ,1.75,17.5,800505.0429026122,48.503496440704275,156.53207721990853,5558.526799989604,0.02816071287453382,29.429018380915135,-69200.1050545472,-3936.458891349717,0.8555639426660807,69.80386683944668,-105909.1418670339,52.83865736495088,93.78602651349122,187.63351513640742
anchor_grid_tf1p75_mreq1p5_mrfx6p75,MR_EQ,1.5,15.0,551790.7241862182,29.790116997603256,107.89806886707434,3357.2968968783875,0.03213837565792823,9.913961673836527,-39723.78195971501,-3564.5155103971347,0.5081418169923281,22.15141730485149,-53325.263910342124,24.09865869176116,20.439780140392806,158.7755527803338
anchor_grid_tf1p75_mreq1p5_mrfx6p75,MR_FX,6.75,67.5,436565.92732135265,23.5693524410918,85.36682192439434,2631.9820318778748,0.03243442428194943,43.56667970277669,-78800.8398937856,-2007.8535113405671,0.3455870812761967,11.810471961538036,-42299.034618162885,19.115704705521395,61.49375188190487,695.7668057900693
anchor_grid_tf1p75_mreq1p5_mrfx6p75,TF_EQ,1.75,17.5,863904.3658983435,46.640530561304956,168.92928547093146,6083.448860792888,0.027768670261972748,29.429018380915135,-76969.71710095147,-4274.363117406798,0.8360224600087984,66.03811073361047,-68324.94906011014,30.87728980207119,93.77216429209116,187.82021217718784
anchor_grid_tf1p75_mreq1p75_mrfx6p5,MR_EQ,1.75,17.5,691912.1083384117,33.344485078139044,135.2976355765373,4296.983581871871,0.03148665406759556,9.913961673836527,-51714.76882662682,-4528.874604372072,0.5622914092298887,27.669769877862706,-68918.73365282075,26.58902609165321,23.886137241525528,188.01414004554087
anchor_grid_tf1p75_mreq1p75_mrfx6p5,MR_FX,6.5,65.0,450791.0850841241,21.724430644873006,88.14843275012204,2785.9705186463025,0.03164011684981979,43.586233867813846,-83973.95293138793,-2102.29319529957,0.32222123803049346,10.280425327704851,-44450.80144273241,17.1492344202023,59.21253521807226,669.0631258948979
anchor_grid_tf1p75_mreq1p75_mrfx6p5,TF_EQ,1.75,17.5,932338.9213889347,44.93108427698794,182.31109139400365,6655.049504478128,0.027394400488129807,29.429018380915135,-85490.63725365722,-4639.570515933565,0.8141580561418255,62.049804794432404,-75327.05100325408,29.06137153683525,93.75860063802234,188.0088541584884
anchor_grid_tf1p75_mreq2_mrfx6p25,MR_EQ,2.0,20.0,849576.0878927081,36.611236162237326,166.12751034272745,5385.265143744034,0.030848529442550253,9.913961673836527,-65863.05838968465,-5634.932490167613,0.61077533469295,33.14796337178864,-87162.66309608764,28.819380006700385,27.344850044534372,220.18957485175
anchor_grid_tf1p75_mreq2_mrfx6p25,MR_FX,6.25,62.5,464796.24231055996,20.029712743870707,90.88702430789205,2942.3003517064258,0.030889784673132,43.586233867813846,-89229.42864163092,-2194.9323813843757,0.2989363869915408,8.864087902538172,-46591.89146797043,15.405098671275585,56.9316033130099,642.4338267213867
anchor_grid_tf1p75_mreq2_mrfx6p25,TF_EQ,1.75,17.5,1006161.4101160597,43.35905109389196,196.7464626742393,7276.728583693097,0.027037762974304342,29.429018380915135,-94820.82147787616,-5033.927707772516,0.7907392575471863,57.9879487256732,-82963.96183009283,27.43112541441097,93.74533693584056,188.80471205904666
anchor_grid_tf2_mreq0p875_mrfx7p125,MR_EQ,0.875,8.75,300990.59595383,18.534016780314257,58.856197879122014,1758.3344437458877,0.03347269803447463,9.913961673836527,-19985.039992336475,-1880.9463591872495,0.3266780026305133,8.04984280053185,-10306.727002081054,4.814623583846054,11.881674033217626,91.6782172409022
anchor_grid_tf2_mreq0p875_mrfx7p125,MR_FX,7.125,71.25,426099.9617886963,26.237842470979935,83.32028975140717,2485.0338445287334,0.03352883500353622,43.54712553773954,-72618.97669025359,-1927.9526146951453,0.35378058555473485,12.320613352349952,-63033.97661038085,29.44531957726861,64.91547564903537,735.9624698960323
anchor_grid_tf2_mreq0p875_mrfx7p125,TF_EQ,2.0,20.0,896899.533134722,55.2281407487058,175.38121492661753,6273.202314047051,0.027957206885214147,29.429018380915135,-77950.53237989487,-4454.225024697519,0.905772038156144,79.62954384711817,-121038.30655465764,56.54111971425827,106.71041437776022,215.08756172622392
anchor_grid_tf2_mreq1p125_mrfx6p875,MR_EQ,1.125,11.25,416487.47137500864,22.805951436506426,81.44064751173418,2482.7349984854927,0.03280279512771772,9.894407508799375,-28760.86768527073,-2636.824706310396,0.38978366115922425,12.108851412248296,-14778.199242711184,6.256797864908265,15.300693717971981,118.63124236101929
anchor_grid_tf2_mreq1p125_mrfx6p875,MR_FX,6.875,68.75,441197.57217169687,24.159023011264644,86.27250140236544,2640.970777946711,0.03266696554266312,43.54712553773954,-77794.70677760156,-2023.609296035799,0.33580741433969835,11.096929568891142,-66631.19585319776,28.21033314706405,62.63385497219607,709.1466355745763
anchor_grid_tf2_mreq1p125_mrfx6p875,TF_EQ,2.0,20.0,968537.6971906968,53.03502555222893,189.3894597557092,6871.853271235722,0.027560172238900626,29.429018380915135,-86864.27942234592,-4841.596789403802,0.8931115322679078,76.79421901886062,-133413.25953711465,56.48454075580125,106.69433775720155,215.29912052830383
anchor_grid_tf2_mreq1p25_mrfx6p75,MR_EQ,1.25,12.5,480018.80831983505,24.80385340468517,93.86366998823524,2890.6060387552398,0.03247196910605468,9.913961673836527,-33792.179079776804,-3059.0177732927127,0.41974216291431776,14.325733650955632,-17332.87601734849,6.9878190855645315,17.014464107894746,132.23838456630776
anchor_grid_tf2_mreq1p25_mrfx6p75,MR_FX,6.75,67.5,448740.71473753685,23.187630801431624,87.74749994867753,2720.5361610390564,0.03225375247913046,43.54712553773954,-80437.49603537697,-2071.962747689934,0.32641743842876375,10.485115668241587,-68444.25472204371,27.593578178556772,61.49315174341373,695.7668057900693
anchor_grid_tf2_mreq1p25_mrfx6p75,TF_EQ,2.0,20.0,1006499.4888716574,52.00851579388321,196.8125711520644,7191.2772667647405,0.02736823569043219,29.429018380915135,-91647.64914110058,-5047.10532990074,0.8855310113495828,75.18915068080283,-140012.61562336364,56.446652401683764,106.6864244000295,215.40573494815192
anchor_grid_tf2_mreq1p75_mrfx6p25,MR_EQ,1.75,17.5,777285.3347535948,31.991046047886844,151.99165716730442,4874.6810546320485,0.031179815758997812,9.913961673836527,-58953.82790655689,-5085.96854224495,0.5280762635641008,23.92077561819557,-78978.9561675564,25.34815853905486,23.899038008754268,188.46222980818942
anchor_grid_tf2_mreq1p75_mrfx6p25,MR_FX,6.25,62.5,478562.31380005286,19.696382181730026,93.57886464607995,3046.8651216232547,0.03071316284464363,43.56667970277669,-91290.09059331403,-2269.3755602644937,0.28735783311749297,8.135957557470627,-49665.54845203074,15.940071345338177,56.93105139420251,642.4338267213869
anchor_grid_tf2_mreq1p75_mrfx6p25,TF_EQ,2.0,20.0,1173848.8783748238,48.31257177038311,229.53634696418143,8614.863545166647,0.026644223180175893,29.429018380915135,-113163.2411879797,-5954.440890798148,0.8487223069457456,67.94326682433378,-99872.25876613078,32.05382764855198,106.65560782379833,216.06073825888794
anchor_grid_tf2_mreq2_mrfx6,MR_EQ,2.0,20.0,954778.8886825974,35.16136481596177,186.6990396328896,6110.4437568296435,0.030554088551132813,9.913961673836527,-75061.07575854496,-6331.0507569368865,0.5752031225079364,28.877829957812857,-99864.38205498882,27.546990015997192,27.359704543821564,220.21023072629157
anchor_grid_tf2_mreq2_mrfx6,MR_FX,6.0,60.0,493044.0760417807,18.15719098269357,96.4106523351155,3212.981741472567,0.030006598260632743,43.56667970277669,-96822.99998655007,-2366.876781322948,0.2675601458864572,7.063179616234604,-51964.49896610739,14.33409494705972,54.650427893918234,616.407218190455
anchor_grid_tf2_mreq2_mrfx6,TF_EQ,2.0,20.0,1267597.4795047045,46.68144420134466,247.8681031491405,9421.730574967549,0.026308128976612583,29.429018380915135,-125480.82155121583,-6463.384629028153,0.8275206502308968,64.0589904259526,-109969.78524629225,30.334504794441212,106.64070424396758,217.56904079989013
anchor_grid_tf2p25_mreq0p875_mrfx6p875,MR_EQ,0.875,8.75,336559.2658506515,17.774621037406384,65.81135429226661,1984.8687485697362,0.03315652701957709,9.913961673836527,-22677.945885007037,-2101.4123264274585,0.3084960318335044,6.938215892276063,-11700.754694768693,4.450889026964598,11.888013969445401,92.2418346256855
anchor_grid_tf2p25_mreq0p875_mrfx6p875,MR_FX,6.875,68.75,451532.0038860667,23.846647736915987,88.2933132354452,2714.134030253897,0.03253093334789575,43.54712553773954,-78847.21230313042,-2079.5552771775447,0.3135502714248744,9.64283875772049,-70163.2315825769,26.68962521596056,62.63326181463668,709.1466355745765
anchor_grid_tf2p25_mreq0p875_mrfx6p875,TF_EQ,2.25,22.5,1105390.819936914,58.37873122567762,216.14994523600194,7953.3932067951955,0.027177072680290522,29.429018380915135,-101059.16365517199,-5599.004635497137,0.9256478727811082,83.41894535000344,-156946.58353343536,59.70143334266007,119.5009734298214,243.06861755523352
anchor_grid_tf2p25_mreq1_mrfx6p75,MR_EQ,1.0,10.0,399133.33260132646,19.88089339169155,78.04719057515183,2377.6305062166753,0.03282561792973535,9.913961673836527,-27420.977084580692,-2508.504232161047,0.33816009491138077,8.62305891762109,-14122.834424533852,5.1152648472778655,13.597050038134512,105.75989412053686
anchor_grid_tf2p25_mreq1_mrfx6p75,MR_FX,6.75,67.5,459431.1136767221,22.884335247831615,89.83791820037585,2797.118996254206,0.03211801797516778,43.54712553773954,-81572.33418045798,-2130.2222240210667,0.30598952951517355,9.179354471508292,-72103.75883292244,26.115849823596786,61.49257019670551,695.8447262560913
anchor_grid_tf2p25_mreq1_mrfx6p75,TF_EQ,2.25,22.5,1149058.2733736183,57.234771360476834,224.688751148537,8325.937038487278,0.026986602241873332,29.429018380915135,-106685.87769264658,-5839.100728459206,0.9205159365604196,82.19758661087064,-164775.80609337857,59.681496168157025,119.49203499598133,243.18816118923684
anchor_grid_tf2p25_mreq1p125_mrfx6p625,MR_EQ,1.125,11.25,465905.09583203716,21.897248098802173,91.10385135550199,2803.4123472219053,0.03249748523287453,9.913961673836527,-32626.935801547777,-2947.483919312929,0.36700944967967575,10.436124755173092,-16775.116786232742,5.7861831513250745,15.308903038835636,119.36560154807165
anchor_grid_tf2p25_mreq1p125_mrfx6p625,MR_FX,6.625,66.25,467315.9585795894,21.963557765498,91.37973378560606,2881.135346331284,0.031716571004539985,43.54712553773954,-84333.09998208139,-2181.2013019227456,0.29818240489998843,8.714063239540447,-74052.18992710518,25.542566357963693,60.35194990520346,682.9764072735042
anchor_grid_tf2p25_mreq1p125_mrfx6p625,TF_EQ,2.25,22.5,1194466.834631943,56.139194135699825,233.56801615798648,8715.075050237556,0.02680045952692282,29.429018380915135,-112585.95047797682,-6088.948379902838,0.914603479405125,80.84981200528645,-172950.4684824897,59.65520833622148,119.48318861167783,243.3083361465935
anchor_grid_tf2p25_mreq1p25_mrfx6p5,MR_EQ,1.25,12.5,537084.2806911024,23.828730491579535,105.02234663494376,3264.372846837453,0.03217228900083829,9.894407508799375,-38329.07976718154,-3420.2889693582883,0.3949940202977508,12.360095086705678,-19673.86479611229,6.463436477336402,17.02361836054385,133.0598119405814
anchor_grid_tf2p25_mreq1p25_mrfx6p5,MR_FX,6.5,65.0,475172.340514117,21.08189356164773,92.91598367503265,2966.0660340103273,0.031326336841329114,43.54712553773954,-87125.71306541329,-2232.4133889589784,0.29016721823246383,8.250128175979388,-76005.31953352949,24.96995683541037,59.21140087551227,670.1074495197165
anchor_grid_tf2p25_mreq1p25_mrfx6p5,TF_EQ,2.25,22.5,1241679.1513316105,55.08937594677272,242.7999904833028,9121.427917821225,0.026618638295537702,29.429018380915135,-118770.24361908203,-6348.886187993765,0.9079673170853536,79.3897767373149,-181483.40698266507,59.62257466335951,119.474434441646,243.4291439012481
anchor_grid_tf2p25_mreq1p5_mrfx6p25,MR_EQ,1.5,15.0,693542.199680759,27.45555763383901,135.61638632787623,4301.013789474298,0.03153126052740516,9.913961673836527,-51364.24899666157,-4475.593816547767,0.44821643752898255,16.471431858599303,-26280.404325676325,7.836099820509856,20.46182210610048,160.7998576050216
anchor_grid_tf2p25_mreq1p5_mrfx6p25,MR_FX,6.25,62.5,490737.83981661726,19.42705296143869,95.95968709750044,3138.1454832282548,0.03057846986710933,43.56667970277669,-92789.41113629105,-2337.4898722047556,0.27366279292310114,7.337727306147491,-79911.68792102176,23.827485894604596,56.930516348255,644.367609763
anchor_grid_tf2p25_mreq1p5_mrfx6p25,TF_EQ,2.25,22.5,1341773.9162451478,53.11738940472228,262.3726860080461,9988.340496275445,0.026267895663537134,29.429018380915135,-132036.40246047685,-6900.427562207253,0.8927640385691222,76.19084083525327,-199677.2408355989,59.53830738985302,119.45720345367576,243.67266374980682
anchor_grid_tf2p25_mreq1p75_mrfx6,MR_EQ,1.75,17.5,870340.2212370951,30.795310854510284,170.18776324542335,5507.073910246407,0.03090348268774343,9.913961673836527,-66830.74973608961,-5691.836613220691,0.49761451456025363,20.822671605412165,-90134.79673057055,24.195579340518563,23.91204319564047,189.6789376425108
anchor_grid_tf2p25_mreq1p75_mrfx6,MR_FX,6.0,60.0,505993.09647483577,17.90359024661682,98.94272516128974,3312.1863676498406,0.02987233029145473,43.56667970277669,-98525.28074542701,-2440.1771086155545,0.256763696207654,6.462058562456027,-55183.773471689594,14.813406340002485,54.64991611909779,618.6251913972612
anchor_grid_tf2p25_mreq1p75_mrfx6,TF_EQ,2.25,22.5,1449876.897696968,51.3010988988729,283.5113214112178,10931.958736940813,0.02593417412500729,29.429018380915135,-146577.10426932783,-7496.597088654812,0.8753971553700608,72.71526983213185,-129834.32526323211,34.852430270847535,119.44034355337725,245.09320479714734
anchor_grid_tf2p25_mreq2_mrfx5p75,MR_EQ,2.0,20.0,1069439.800810372,33.877615066443006,209.12002362345953,6904.004435510721,0.030289671099840473,9.913961673836527,-85065.90322573343,-7088.074953679185,0.5431108129503631,25.291559991349576,-113946.0546997491,26.359159069456283,27.37467979758492,220.23100752962378
anchor_grid_tf2p25_mreq2_mrfx5p75,MR_FX,5.75,57.49999999999999,520785.3968786547,16.49739161971603,101.83523599504394,3486.811495661874,0.029205833501966635,43.56667970277669,-104288.3707904868,-2541.7864055008404,0.2397289338122213,5.63812927570332,-57626.9304510569,13.33084704377437,52.369599710229565,592.8801792773077
anchor_grid_tf2p25_mreq2_mrfx5p75,TF_EQ,2.25,22.5,1566548.9693027064,49.62499331384097,306.32557084526917,11957.821213945746,0.025617172674234214,29.429018380915135,-162489.75839177426,-8140.396990001027,0.8563538360380519,69.0703107329471,-142925.2541449148,33.06292191489602,119.42385642995812,246.8153567757366
anchor_grid_tf2p5_mreq0p875_mrfx6p625,MR_EQ,0.875,8.75,375155.5675692417,17.106744396876945,73.35853882855723,2231.813649645116,0.03286947314809284,9.913961673836527,-25591.828873432532,-2340.0211186796096,0.2928984596153349,6.049251292653379,-13226.458949288848,4.129267678026709,11.894405309323579,92.81476745907266
anchor_grid_tf2p5_mreq0p875_mrfx6p625,MR_FX,6.625,66.25,476730.92417429446,21.738486033347673,93.22075169618586,2948.0212567519416,0.03162146523966867,43.54712553773954,-85019.64017858001,-2233.13466925232,0.27916272958811644,7.615784660465809,-77691.15872656443,24.25498705496638,60.351397917133625,685.4422336337948
anchor_grid_tf2p5_mreq0p875_mrfx6p625,TF_EQ,2.5,25.0,1341140.7661941643,61.15476956977538,262.24887880214396,9919.691233329071,0.02643720178719037,29.429018380915135,-128642.879369915,-6928.1988264294705,0.9405068204482613,86.33496404688078,-200210.74667018477,62.50529852234096,132.18256128346385,271.3034973094413
anchor_grid_tf2p5_mreq1_mrfx6p5,MR_EQ,1.0,10.0,444988.7908958359,19.143875199943373,87.01384256860302,2673.7362106012292,0.03254391447578019,9.913961673836527,-30939.893086933123,-2794.005009667478,0.3204413975309116,7.511900792959482,-15963.534257691208,4.7464277261740655,13.60438036944052,106.41906802002296
anchor_grid_tf2p5_mreq1_mrfx6p5,MR_FX,6.5,65.0,484924.3013726052,20.861941911408614,94.82289819565999,3036.1990290787967,0.03123079129118551,43.54712553773954,-87885.24702721066,-2286.572558231414,0.2725904536313198,7.256438990539829,-79775.01593840662,23.71945594213261,59.21086008976338,672.5257716089681
anchor_grid_tf2p5_mreq1_mrfx6p5,TF_EQ,2.5,25.0,1394531.5995625637,59.994182888648005,272.68901047371213,10385.638341625758,0.026256355315279124,29.429018380915135,-135787.77526438073,-7226.871229259538,0.9360199046047041,85.23166021650069,-210172.7193633539,62.490524113793676,132.17279365344015,271.4372849381337
anchor_grid_tf2p5_mreq1p125_mrfx6p375,MR_EQ,1.125,11.25,519525.4084097573,21.096076805719786,101.58885577038664,3152.854294706505,0.03222123392792036,9.913961673836527,-36808.701384400425,-3283.6980718295003,0.34732705305038886,9.090574479223761,-18960.503665357362,5.369893625126537,15.31717919435516,120.11216344210598
anchor_grid_tf2p5_mreq1p125_mrfx6p375,MR_FX,6.375,63.74999999999999,493080.14857940725,20.022228975570417,96.41770601865609,3125.263449572722,0.030851065061999194,43.54712553773954,-90781.99840787734,-2340.210937297631,0.2658168957520671,6.8963299495715145,-81862.0016342621,23.184523390013904,58.0703934662579,659.6087101721357
anchor_grid_tf2p5_mreq1p125_mrfx6p375,TF_EQ,2.5,25.0,1450058.0614372636,58.88169421870979,283.5467464679827,10872.289996148858,0.02607976300930343,29.429018380915135,-143278.7299941678,-7537.680493304983,0.9308445113997948,84.01309557120477,-220572.87971777073,62.46948507155784,132.1631266307898,271.57178082957444
anchor_grid_tf2p5_mreq1p25_mrfx6p25,MR_EQ,1.25,12.5,599000.4220598727,22.96799011642084,117.12953110283,3671.591242405482,0.03190157165373653,9.913961673836527,-43235.54867528757,-3811.269841505042,0.37351255399791566,10.772165267937469,-22235.7003581085,5.999485793356514,17.03284729620187,133.89492564853745
anchor_grid_tf2p5_mreq1p25_mrfx6p25,MR_FX,6.25,62.5,501181.8600448794,19.21724857631171,98.00192804944845,3215.072620090104,0.030482026264993634,43.54712553773954,-93705.33900420938,-2393.955274276752,0.258870362034616,6.537573690624758,-83948.25931048303,22.650349707855785,56.92999798312719,646.6910471011287
anchor_grid_tf2p5_mreq1p25_mrfx6p25,TF_EQ,2.5,25.0,1507796.9926321378,57.81476130726746,294.8371123645166,11380.417364065963,0.02590740769275074,29.429018380915135,-151129.4351563109,-7861.04696906275,0.9250233468839504,82.69026104143781,-231427.44404693646,62.44218263384236,132.15356039372193,271.7069866421475
anchor_grid_tf2p5_mreq1p75_mrfx5p75,MR_EQ,1.75,17.5,971286.6435738684,29.7352745620736,189.9269932682574,6195.554148301738,0.03065536814335135,9.913961673836527,-75343.00233167014,-6347.443133476661,0.47063139375106805,18.2624632391009,-38522.21845217503,8.575407999835589,23.92515538953932,190.9157319634816
anchor_grid_tf2p5_mreq1p75_mrfx5p75,MR_FX,5.75,57.49999999999999,532674.2182897257,16.30745592743067,104.15999575473714,3578.4553581078017,0.029107529738701104,43.56667970277669,-105558.31820468459,-2610.403374703818,0.22990545528745968,5.152798790864425,-92199.32521373303,20.52443661828225,52.36912622204281,595.0143351424571
anchor_grid_tf2p5_mreq1p75_mrfx5p75,TF_EQ,2.5,25.0,1762484.9937018827,53.95726951049574,344.63922442352026,13643.795181481973,0.025259777051716628,29.429018380915135,-186416.40252409945,-9288.844388048923,0.8962078332227962,76.58473797003474,-279729.79457288457,62.27048219330267,132.11630724965124,274.6136177562453
anchor_grid_tf2p5_mreq2_mrfx5p5,MR_EQ,2.0,20.0,1193811.567407749,32.73732760484735,233.43988412353323,7767.625210442951,0.03005292837889397,9.913961673836527,-95873.68452135334,-7907.1733725730055,0.5143623218745289,22.287988407479304,-130830.2452142461,25.494354083036384,27.389778807311973,220.64997325574728
anchor_grid_tf2p5_mreq2_mrfx5p5,MR_FX,5.5,55.00000000000001,547575.2921765844,15.015897163092355,107.07377633488157,3759.921691660534,0.028477661269480706,43.56667970277669,-111493.09173178952,-2715.0386984789393,0.21507522461602624,4.511102005764092,-49959.052187587964,9.735315897616088,50.08911561347644,569.1723138925595
anchor_grid_tf2p5_mreq2_mrfx5p5,TF_EQ,2.5,25.0,1905250.3425035477,52.246775232060315,372.55579634406485,14925.83288183566,0.02496046949563902,29.429018380915135,-206601.22416029358,-10089.754082168285,0.8791529554195665,73.20090958675664,-182754.52834168682,35.61262648549964,132.09829083959823,276.5559298157888
anchor_grid_tf2p75_mreq0p875_mrfx6p375,MR_EQ,0.875,8.75,416842.60651834245,16.517355211264512,81.51009122376661,2499.5707630653096,0.03260963539348171,9.913961673836527,-28723.102027844463,-2596.995699594176,0.2794687591189181,5.330584733224367,40684.51336781721,-9.236054752898696,11.900849307168995,93.39724908871257
anchor_grid_tf2p75_mreq0p875_mrfx6p375,MR_FX,6.375,63.74999999999999,501359.8538467739,19.86634443110946,98.0367332512268,3183.9893441465074,0.030790534343797027,43.54712553773954,-91041.14583328326,-2386.9327535758553,0.24953074345120999,6.062780073008391,178064.02919472996,-40.42346797406252,58.06988079916597,661.9911359841286
anchor_grid_tf2p75_mreq0p875_mrfx6p375,TF_EQ,2.75,27.500000000000004,1605461.8986483891,63.616300357626024,313.93466927031466,12199.507992124603,0.02573338772948674,29.429018380915135,-161181.89955940633,-8458.606135669374,0.9518045585210548,88.60663519376729,-628178.4923343093,142.60686609029273,144.75851737446544,299.79549035714507
anchor_grid_tf2p75_mreq1_mrfx6p25,MR_EQ,1.0,10.0,494513.6309616458,18.492746474753215,96.69801152945753,2994.733899138453,0.03228935016806546,9.913961673836527,-34720.62852355302,-3101.4706509489574,0.30513836409177825,6.612098233868917,48565.3173218093,-10.589781275614195,13.611771219976212,107.08925773497707
anchor_grid_tf2p75_mreq1_mrfx6p25,MR_FX,6.25,62.5,509775.0810224264,19.063461029703497,99.68226066140525,3276.8225644816343,0.030420402295164902,43.54712553773954,-94026.68458938901,-2442.7850868620535,0.24374104616386827,5.779174942909149,182449.08710988506,-39.78345109178386,56.92949611801772,649.0258070694138
anchor_grid_tf2p75_mreq1_mrfx6p25,TF_EQ,2.75,27.500000000000004,1669806.407617382,62.44379249554327,326.51670074645716,12773.745223028998,0.025561547928621618,29.429018380915135,-170112.18322553136,-8824.907799968487,0.9478614798421399,87.60872682322199,-657075.5164411356,143.2768564975091,144.74794879609095,299.9437276522958
anchor_grid_tf2p75_mreq1p125_mrfx6p125,MR_EQ,1.125,11.25,577433.2027455997,20.38751061928437,112.91224144419235,3531.596902234936,0.031972007159915945,9.913961673836527,-41300.76170575386,-3645.7651161048598,0.33027016524995906,7.9981743087647414,57050.84194238833,-11.95216421275379,15.325523820437374,120.87123536634459
anchor_grid_tf2p75_mreq1p125_mrfx6p125,MR_FX,6.125,61.25000000000001,518124.2517736701,18.293481626823485,101.31487128933713,3370.342936249909,0.030060701004529674,43.54712553773954,-97037.26757459663,-2498.692270809706,0.23778509878157822,5.495524168585317,186815.29684684114,-39.13784668809247,55.7891825194136,636.0599160207396
anchor_grid_tf2p75_mreq1p125_mrfx6p125,TF_EQ,2.75,27.500000000000004,1736731.4576905936,61.31900775389214,339.6033354889702,13373.434356306128,0.0253938761309157,29.429018380915135,-179473.68978098594,-9206.09654775352,0.9433099178133715,86.50630152264992,-687109.3615919007,143.94956572525246,144.73748910683426,300.0927516118968
anchor_grid_tf2p75_mreq1p25_mrfx6,MR_EQ,1.25,12.5,665863.4724147683,22.205949505437903,130.20404231810096,4112.867316084184,0.031657729829725416,9.913961673836527,-48505.097360743326,-4232.2973041301,0.3548277146470817,9.47875679068352,66173.04274771112,-13.323229736358632,17.04215274574115,134.7440713129538
anchor_grid_tf2p75_mreq1p25_mrfx6,MR_FX,6.0,60.0,526388.0657795046,17.55456980779346,102.93079111840137,3464.3802269623366,0.02971117036095484,43.54712553773954,-100067.49106066732,-2554.5422946108083,0.23168437631186037,5.213284742909167,191153.10396101698,-38.48661952270233,54.64893994099323,623.0934604155682
anchor_grid_tf2p75_mreq1p25_mrfx6,TF_EQ,2.75,27.500000000000004,1806329.8656394533,60.23948068676863,353.2127230425212,13999.519405296722,0.025230346329523503,29.429018380915135,-189283.4075753328,-9602.686557261222,0.9381823860253102,85.30795846640729,-718314.9582231496,144.62498343860582,144.72713849751906,300.3809814833169
anchor_grid_tf2p75_mreq1p5_mrfx5p75,MR_EQ,1.5,15.0,860352.3913891611,25.62968911344327,168.23472651332833,5420.143906388527,0.031038793327062063,9.913961673836527,-64964.28257086594,-5542.328596656111,0.40209856358992047,12.682034391170902,86461.070102042,-16.0915093813677,20.48422673555376,162.8909555080377
anchor_grid_tf2p75_mreq1p5_mrfx5p75,MR_FX,5.75,57.49999999999999,542575.918591856,16.163205046128688,106.09619057329996,3653.250607589127,0.029041585691630265,43.56667970277669,-106162.85249644355,-2668.2085259672795,0.21913370454633774,4.658372716188997,199702.34446048125,-37.16715679755464,52.36866760067668,597.1588460205975
anchor_grid_tf2p75_mreq1p5_mrfx5p75,TF_EQ,2.75,27.500000000000004,1953930.16606616,58.20710584042803,382.0747293832929,15334.772761484479,0.024915578165131298,29.429018380915135,-210317.68262001104,-10444.188198794625,0.9263398124885341,82.65959289264006,-784384.1073638722,145.98390012227458,144.70676534058407,302.49380111595354
anchor_grid_tf2p75_mreq1p75_mrfx5p5,MR_EQ,1.75,17.5,1080270.4932215295,28.79318936284187,211.23787509220367,6941.022831406101,0.030433248848629912,9.913961673836527,-84478.29442036641,-7053.287446985203,0.4467565315540977,16.13890888367653,116176.96720551024,-20.0048298522136,23.938377230535533,192.1731195402018
anchor_grid_tf2p75_mreq1p75_mrfx5p5,MR_FX,5.5,55.00000000000001,558157.4894163129,14.87695386284759,109.14303664769513,3841.7663039512545,0.028409598089150185,43.56667970277669,-112259.6814415293,-2777.5603548388476,0.20625474308951006,4.123962178744833,208008.33521619122,-35.817524367642065,50.08867862032381,571.22194519774
anchor_grid_tf2p75_mreq1p75_mrfx5p5,TF_EQ,2.75,27.500000000000004,2113398.463569045,56.32985677431055,413.2574234589451,16787.535322975895,0.024616920560896708,29.429018380915135,-233359.91284812219,-11353.770277933923,0.9126281669411772,79.73712893757863,-839999.6837584868,144.64184384996364,144.6868310885651,304.6344359403749
anchor_grid_tf2p75_mreq2_mrfx5p25,MR_EQ,2.0,20.0,1328067.0824786574,31.722153390118535,259.69242911197836,8702.360451099603,0.0298416079834023,9.913961673836527,-107468.15890180576,-8788.927987584384,0.4886824990309023,19.769028274515808,-148077.75142792007,24.413021224267688,27.405004636292023,222.11959306599795
anchor_grid_tf2p75_mreq2_mrfx5p25,MR_FX,5.25,52.5,572928.4495155568,13.684944380350869,112.03137456307329,4027.9925120018133,0.027813203284083675,43.56667970277669,-118296.30595493305,-2883.8878907735975,0.19320220742482228,3.6176138469351033,-54924.55898044357,9.055205195871778,47.80897254212322,545.2827397997074
anchor_grid_tf2p75_mreq2_mrfx5p25,TF_EQ,2.75,27.500000000000004,2285564.7753913207,54.592902229530594,446.9231082110521,18366.218333602967,0.02433397556825067,29.429018380915135,-258562.1426471353,-12335.984045077317,0.8973529315077724,76.61335787854905,-230466.2454385655,37.99610196071718,144.6673377000259,306.8034497518595
anchor_grid_tf3_mreq0p875_mrfx6p125,MR_EQ,0.875,8.75,461657.0499625608,15.99600289585659,90.27318145533063,2788.3550678371253,0.03237506675408948,9.913961673836527,-32064.56577368587,-2872.3772358089054,0.2678467056798397,4.742929698359065,44705.79695949645,-7.902819026057297,11.907347242943715,93.98952072181011
anchor_grid_tf3_mreq0p875_mrfx6p125,MR_FX,6.125,61.25000000000001,525051.5516034882,18.192565543198157,102.66944693067816,3419.0110269215284,0.03002898970557622,43.54712553773954,-96810.68957575894,-2538.9821948844756,0.22377667792462472,4.8587843737358405,189757.41423935944,-33.54416217979299,55.788707389025106,638.3582302033387
anchor_grid_tf3_mreq0p875_mrfx6p125,TF_EQ,3.0,30.0,1899368.9577356114,65.81143156094525,371.40574066007264,14819.64928797017,0.025061709183736267,29.429018380915135,-199141.90039290208,-10206.600284444401,0.9605278628755783,90.39828592790512,-763003.7513363762,134.87916496550298,157.23202551228346,328.85875983211525
anchor_grid_tf3_mreq1_mrfx6,MR_EQ,1.0,10.0,547749.9891209875,17.916215004270136,107.10793686370502,3340.866162451475,0.03205993046579002,9.913961673836527,-38754.38156910043,-3430.942543798979,0.2918587006238234,5.875525254007448,53358.33800997259,-9.054592594019963,13.61922406314437,107.7707422857213
anchor_grid_tf3_mreq1_mrfx6,MR_FX,6.0,60.0,533601.3815302972,17.453431799084413,104.3412947849623,3515.8029156652738,0.029677799719674686,43.54712553773954,-99891.13473020762,-2596.794540347792,0.21861874654926103,4.631555757607854,194246.94824500184,-32.96255176953696,54.648475219965135,625.3439469942103
anchor_grid_tf3_mreq1_mrfx6,TF_EQ,3.0,30.0,1975934.9422805333,64.63035319664546,386.37757964030766,15518.25056719612,0.024898269168115345,29.429018380915135,-210148.62404542184,-10650.293965686074,0.9570418712766572,89.49291898838466,-797993.6700227906,135.41477947294263,157.22068322002053,328.8045873603998
anchor_grid_tf3_mreq1p125_mrfx5p875,MR_EQ,1.125,11.25,639676.0759402335,19.759524807125477,125.08331559253686,3939.9086750927686,0.03174777029307454,9.913961673836527,-46092.52955707564,-4033.724460217917,0.31542471418410684,7.1022755808121385,62672.86085366865,-10.212067660798269,15.333938586758645,121.64313505157243
anchor_grid_tf3_mreq1p125_mrfx5p875,MR_FX,5.875,58.75,542050.8574936272,16.743892367126275,105.99351925960642,3613.0207881543156,0.029336537339369254,43.54712553773954,-102988.77947327372,-2654.4780234825453,0.2133219249147105,4.404753410535619,198701.048675598,-32.37682987034088,53.50831401335569,612.3291388676548
anchor_grid_tf3_mreq1p125_mrfx5p875,TF_EQ,3.0,30.0,2055578.0229563862,63.496582825748234,401.95111907633674,16247.734017134891,0.024738903200436337,29.429018380915135,-221685.23497568327,-11112.01634740395,0.9530163006322381,88.49297100865226,-834354.5589379474,135.95175157017036,157.20945783550218,329.2993963991224
anchor_grid_tf3_mreq1p25_mrfx5p75,MR_EQ,1.25,12.5,737726.4538830755,21.529947955679766,144.25624831503237,4588.493408230994,0.03143869577239899,9.913961673836527,-54125.15454695141,-4683.406263022965,0.33851381974027495,8.415357880048216,72684.20019745128,-11.37524304750814,17.051536578010648,135.60760629319824
anchor_grid_tf3_mreq1p25_mrfx5p75,MR_FX,5.75,57.49999999999999,550377.6860774918,16.062326184515452,107.62176106325613,3710.462384307274,0.029004945992290018,43.56667970277669,-106097.28058826196,-2714.5754303254475,0.20790290502203454,4.179406996550553,203108.74059152053,-31.786980981085968,52.368223707967715,599.3138032027214
anchor_grid_tf3_mreq1p25_mrfx5p75,TF_EQ,3.0,30.0,2138408.80564299,62.4077258598048,418.14798702444074,17009.240238568604,0.024583578170428003,29.429018380915135,-233772.5196160716,-11592.388267092001,0.9484762395704504,87.40523512340125,-872128.2808309449,136.49006436209376,157.1983495613371,330.4578714367945
anchor_grid_tf3_mreq1p75_mrfx5p25,MR_EQ,1.75,17.5,1197365.497978392,27.954614268959165,234.13482557262262,7743.837961260973,0.030234985125450264,9.913961673836527,-94213.78323416447,-7809.35381370049,0.42560713208822426,14.367476855957667,127428.7835426688,-17.018441488897164,23.95171141454816,193.45162433927007
anchor_grid_tf3_mreq1p75_mrfx5p25,MR_FX,5.25,52.5,581960.7523089249,13.5869025606105,113.79756595794386,4097.823469476713,0.027770246035629168,43.56667970277669,-118493.97251488536,-2938.9026365073514,0.18533352909791453,3.3107210750445706,220032.76935586092,-29.385941753645177,47.808570313330286,547.2471340662918
anchor_grid_tf3_mreq1p75_mrfx5p25,TF_EQ,3.0,30.0,2503921.897793725,58.45848317043034,489.6210202959963,20399.30813602746,0.02400184442683479,29.429018380915135,-288063.22930101166,-13713.299884687067,0.9257294463079525,82.32180206899777,-1019855.5163582466,136.20432487657038,157.1550920595777,335.16854591615555
anchor_grid_tf3_mreq2_mrfx5,MR_EQ,2.0,20.0,1472289.3083807025,30.817108959565946,287.89388118511977,9708.575882153793,0.029653564506234475,9.913961673836527,-119819.67030977434,-9733.272106003546,0.4657498773684189,17.6485570727648,158225.39497813908,-19.546925979184955,27.420360413235947,223.6141212840889
anchor_grid_tf3_mreq2_mrfx5,MR_FX,5.0,50.0,596324.8486861738,12.481927113544312,116.6063450696468,4286.295323183722,0.027204458927257345,43.56667970277669,-124551.47445471666,-3045.3253355918673,0.1737322037089406,2.9064532647231482,227881.41765332437,-28.152125665520977,45.5291675157362,521.210568882685
anchor_grid_tf3_mreq2_mrfx5,TF_EQ,3.0,30.0,2708892.0986706163,56.700963926889735,529.7012316524474,22318.23929722448,0.023734006280608417,29.429018380915135,-319093.0912032374,-14902.866635087326,0.9120227210736496,79.44498966251209,-1110810.0954078985,137.22779908288106,157.1341721702611,337.5710445446367
