Budget Case,Simulation Label,Strategy Targets,Target TF_EQ,Target MR_EQ,Target MR_FX,Target Sum,Screen Exposure Factor,Screen Daily Cutoff,Raw Equity End,Raw CAGR,Raw Sharpe,Raw Calmar,Raw Max DD %,Raw WorstDayDD,Raw Count Breach -5%,Raw Avg Gross Exposure %,Raw Max Gross Exposure %,P(Pass Challenge),P(Pass Verification | Challenge),P(Reach Payout | Verification),P(Reach Payout Overall),Median Days Challenge,Median Days Verification,Median Days Payout,Fail MaxDailyLoss %,Fail MaxLoss %,Fail HorizonEnded %,Avg Cutoff Hits / Sim,Mean Total Days To Payout,Median Total Days To Payout,P25 Total Days To Payout,P75 Total Days To Payout,P90 Total Days To Payout,Budget Speed Rank Score,Dropped Strategy,Drop Mode,Full Payout Overall,Delta Payout Overall vs Full,Full Mean Total Days To Payout,Delta Mean Total Days vs Full,Full Raw Sharpe,Delta Raw Sharpe vs Full
equal_clusters,without_MR_EQ_drop_no_renorm,"{""MR_FX"": 3.333333333333333, ""TF_EQ"": 3.333333333333333}",3.333333333333333,0.0,3.333333333333333,6.666666666666666,0.75,-0.04,1329996.3476083453,0.2641165795223859,0.8851988477403371,0.6420561825441908,-41.13605424307358,-0.16249333733579985,93,204.4252948485032,693.8067298416856,0.709,0.8076163610719324,0.8508557457212714,0.4872,58.0,21.0,15.0,0.2012,0.3116,0.0,1.3462,134.44704433497537,117.0,79.75,170.25,234.0,-0.08917961083743844,MR_EQ,drop_no_renorm,0.4436,0.04360000000000003,95.79260595130748,38.654438383667895,1.1119742519624483,-0.22677540422211118
equal_clusters,without_MR_EQ_drop_renorm_to_total,"{""MR_FX"": 5.0, ""TF_EQ"": 5.0}",5.0,0.0,5.0,10.0,0.75,-0.04,4628258.627989546,0.3818925629725958,0.8964355893183306,0.6880926889762056,-55.500162854629856,-0.2210974045597422,218,299.3185001047392,1073.0206051041482,0.5764,0.7133934767522554,0.7271400778210116,0.299,31.0,12.0,15.0,0.4262,0.2748,0.0,1.8958,80.18795986622074,71.0,51.0,100.0,135.20000000000027,-0.748627899665552,MR_EQ,drop_renorm_to_total,0.4436,-0.1446,95.79260595130748,-15.604646085086742,1.1119742519624483,-0.2155386626441177
equal_clusters,without_MR_FX_drop_no_renorm,"{""MR_EQ"": 3.333333333333333, ""TF_EQ"": 3.333333333333333}",3.333333333333333,3.333333333333333,0.0,6.666666666666666,0.75,-0.04,5601859.526962658,0.4008683708073548,1.0106322389438602,0.9232279875974974,-43.42030096493594,-0.1612990181895047,165,220.04021103109275,780.9762097163282,0.612,0.6787581699346406,0.7968223399133365,0.331,51.0,40.0,23.0,0.387,0.282,0.0,1.8468,134.47311178247733,123.0,99.0,159.0,201.60000000000014,-0.7486507794561933,MR_FX,drop_no_renorm,0.4436,-0.11259999999999998,95.79260595130748,38.68050583116985,1.1119742519624483,-0.10134201301858803
equal_clusters,without_MR_FX_drop_renorm_to_total,"{""MR_EQ"": 5.0, ""TF_EQ"": 5.0}",5.0,5.0,0.0,10.0,0.75,-0.04,35970664.54800709,0.5998889754662466,1.0309178242489123,0.9938481154792805,-60.36022669087136,-0.24331063217222576,379,323.765448866194,1303.9934002406324,0.3868,0.41675284384694933,0.5769230769230769,0.093,38.0,31.0,20.0,0.698,0.209,0.0,2.181,99.85806451612903,97.0,78.0,115.0,138.0,-1.6904551612903227,MR_FX,drop_renorm_to_total,0.4436,-0.3506,95.79260595130748,4.065458564821554,1.1119742519624483,-0.08105642771353594
equal_clusters,without_TF_EQ_drop_no_renorm,"{""MR_EQ"": 3.333333333333333, ""MR_FX"": 3.333333333333333}",0.0,3.333333333333333,3.333333333333333,6.666666666666666,0.75,-0.04,684284.3688651109,0.20550728137877017,0.9153068197869837,0.6737849762561956,-30.50042500511757,-0.14293697921441229,52,76.24710233170319,687.2542991979888,0.6918,0.8204683434518647,0.9478505990133897,0.538,125.0,64.0,15.0,0.2826,0.1794,0.0,1.249,248.6817843866171,230.0,162.0,310.0,406.0999999999999,-0.3027944609665427,TF_EQ,drop_no_renorm,0.4436,0.09440000000000004,95.79260595130748,152.88917843530962,1.1119742519624483,-0.19666743217546456
equal_clusters,without_TF_EQ_drop_renorm_to_total,"{""MR_EQ"": 5.0, ""MR_FX"": 5.0}",0.0,5.0,5.0,10.0,0.75,-0.04,2296613.5171535956,0.3144204820601999,0.9251260031234391,0.6951218705648001,-45.23242547450379,-0.24012728419029414,135,115.24209526147673,1088.753126460397,0.6124,0.7279555845852385,0.8667563930013459,0.3864,82.0,42.0,15.0,0.4488,0.1648,0.0,1.5632,174.435817805383,160.5,115.0,221.0,287.0,-0.7413215445134574,TF_EQ,drop_renorm_to_total,0.4436,-0.05719999999999997,95.79260595130748,78.64321185407553,1.1119742519624483,-0.1868482488390092
tf_eq_core,without_MR_EQ_drop_no_renorm,"{""MR_FX"": 2.8571428571428568, ""TF_EQ"": 4.285714285714286}",4.285714285714286,0.0,2.8571428571428568,7.142857142857142,0.75,-0.04,2198837.31034276,0.3103416815051374,0.8498364867864513,0.6051863073831445,-51.28035411889442,-0.1949020321290391,163,246.29087013308234,763.7806461280886,0.596,0.7241610738255033,0.7604263206672845,0.3282,40.0,14.5,15.0,0.365,0.3068,0.0,1.7398,97.98049969530774,87.0,61.0,123.0,166.0,-0.6427492492382694,MR_EQ,drop_no_renorm,0.3344,-0.006199999999999983,81.00956937799043,16.97093031731731,1.056843025411593,-0.20700653862514173
tf_eq_core,without_MR_EQ_drop_renorm_to_total,"{""MR_FX"": 3.9999999999999996, ""TF_EQ"": 6.0}",6.0,0.0,3.9999999999999996,10.0,0.75,-0.04,6271169.53107624,0.41220855601088946,0.858694526433351,0.6305422194356621,-65.37366465005591,-0.24783116007532613,308,336.45946878163267,1111.4014110993508,0.5384,0.6764487369985142,0.6694124107633168,0.2438,25.0,10.0,15.0,0.541,0.2152,0.0,1.88,66.93683347005742,60.0,43.5,83.0,111.0,-0.9957420836751437,MR_EQ,drop_renorm_to_total,0.3344,-0.09059999999999999,81.00956937799043,-14.072735907933009,1.056843025411593,-0.19814849897824205
tf_eq_core,without_MR_FX_drop_no_renorm,"{""MR_EQ"": 2.8571428571428568, ""TF_EQ"": 4.285714285714286}",4.285714285714286,2.8571428571428568,0.0,7.142857142857142,0.75,-0.04,7588913.745723644,0.4315809886557975,0.9793278051480703,0.8027936019529281,-53.75989390123507,-0.19001652175565525,227,259.55519939518547,853.3602337339804,0.529,0.5814744801512287,0.7126137841352406,0.2192,46.0,37.0,22.0,0.4928,0.288,0.0,2.2446,122.57390510948905,115.0,93.0,144.0,180.5,-1.1640807627737226,MR_FX,drop_no_renorm,0.3344,-0.11519999999999997,81.00956937799043,41.564335731498616,1.056843025411593,-0.07751522026352275
tf_eq_core,without_MR_FX_drop_renorm_to_total,"{""MR_EQ"": 3.9999999999999996, ""TF_EQ"": 6.0}",6.0,3.9999999999999996,0.0,10.0,0.75,-0.04,33325729.832560506,0.5911840421997729,0.9956829306922398,0.8606425415145569,-68.69100859915763,-0.24478730218088313,414,355.59451487679814,1314.75552887999,0.3568,0.367152466367713,0.5312977099236641,0.0696,38.0,31.0,21.0,0.7274,0.203,0.0,2.193,100.33908045977012,96.0,79.0,116.0,133.0,-1.7913777011494254,MR_FX,drop_renorm_to_total,0.3344,-0.2648,81.00956937799043,19.329511081779685,1.056843025411593,-0.06116009471935324
tf_eq_core,without_TF_EQ_drop_no_renorm,"{""MR_EQ"": 2.8571428571428568, ""MR_FX"": 2.8571428571428568}",0.0,2.8571428571428568,2.8571428571428568,5.7142857142857135,0.75,-0.04,478474.0457527337,0.1750877726824034,0.9125367749616924,0.6675465195529614,-26.228550004223695,-0.11887926739250755,41,65.22705970381418,585.3814026730988,0.7314,0.8195242001640689,0.9325992659325992,0.559,157.0,78.0,15.0,0.2604,0.1804,0.0002,1.188,303.57853309481214,277.0,200.0,377.0,490.5999999999999,-0.3540263327370303,TF_EQ,drop_no_renorm,0.3344,0.22460000000000008,81.00956937799043,222.5689637168217,1.056843025411593,-0.14430625044990064
tf_eq_core,without_TF_EQ_drop_renorm_to_total,"{""MR_EQ"": 5.0, ""MR_FX"": 5.0}",0.0,5.0,5.0,10.0,0.75,-0.04,2296613.5171535956,0.3144204820601999,0.9251260031234391,0.6951218705648001,-45.23242547450379,-0.24012728419029414,135,115.24209526147673,1088.753126460397,0.6124,0.7279555845852385,0.8667563930013459,0.3864,82.0,42.0,15.0,0.4488,0.1648,0.0,1.5632,174.435817805383,160.5,115.0,221.0,287.0,-0.7413215445134574,TF_EQ,drop_renorm_to_total,0.3344,0.052000000000000046,81.00956937799043,93.42624842739258,1.056843025411593,-0.13171702228815396
mr_eq_core,without_MR_EQ_drop_no_renorm,"{""MR_FX"": 2.8571428571428568, ""TF_EQ"": 2.8571428571428568}",2.8571428571428568,0.0,2.8571428571428568,5.7142857142857135,0.75,-0.04,889877.4231686787,0.22834447143735126,0.8812285717557153,0.6275548260277958,-36.386378044878164,-0.14349419075222059,57,176.52026729571975,589.7972489384842,0.7654,0.8262346485497779,0.8870967741935484,0.561,76.0,29.0,15.0,0.1202,0.3188,0.0,1.1534,173.91479500891265,151.0,101.0,224.0,308.0,0.11647901247771851,MR_EQ,drop_no_renorm,0.4372,0.12380000000000008,100.19853613906679,73.71625886984586,1.105758632847691,-0.2245300610919756
mr_eq_core,without_MR_EQ_drop_renorm_to_total,"{""MR_FX"": 5.0, ""TF_EQ"": 5.0}",5.0,0.0,5.0,10.0,0.75,-0.04,4628258.627989546,0.3818925629725958,0.8964355893183306,0.6880926889762056,-55.500162854629856,-0.2210974045597422,218,299.3185001047392,1073.0206051041482,0.5764,0.7133934767522554,0.7271400778210116,0.299,31.0,12.0,15.0,0.4262,0.2748,0.0,1.8958,80.18795986622074,71.0,51.0,100.0,135.20000000000027,-0.748627899665552,MR_EQ,drop_renorm_to_total,0.4372,-0.1382,100.19853613906679,-20.010576272846052,1.105758632847691,-0.20932304352936038
mr_eq_core,without_MR_FX_drop_no_renorm,"{""MR_EQ"": 4.285714285714286, ""TF_EQ"": 2.8571428571428568}",2.8571428571428568,4.285714285714286,0.0,7.142857142857142,0.75,-0.04,6935574.8342083385,0.42240409962896863,1.0214955581095735,0.9689236618032839,-43.59518879359635,-0.19755474251410865,174,209.9311201112306,845.7986479702583,0.615,0.6767479674796748,0.7842383469485824,0.3264,53.0,39.0,22.0,0.367,0.3066,0.0,1.8566,134.62561274509804,122.0,99.0,158.0,201.9000000000001,-0.742930031862745,MR_FX,drop_no_renorm,0.4372,-0.11079999999999995,100.19853613906679,34.42707660603125,1.105758632847691,-0.08426307473811745
mr_eq_core,without_MR_FX_drop_renorm_to_total,"{""MR_EQ"": 6.0, ""TF_EQ"": 3.9999999999999996}",3.9999999999999996,6.0,0.0,10.0,0.75,-0.04,35193950.88537917,0.5973960472077193,1.038185716270925,1.0110486487543302,-59.08677569014562,-0.3151259831457891,346,290.9597942061715,1295.6328211525897,0.4872,0.5127257799671593,0.6413130504403523,0.1602,41.0,33.0,20.0,0.6018,0.238,0.0,2.266,106.39076154806492,102.0,82.0,123.0,150.0,-1.4098369038701621,MR_FX,drop_renorm_to_total,0.4372,-0.27699999999999997,100.19853613906679,6.192225408998127,1.105758632847691,-0.067572916576766
mr_eq_core,without_TF_EQ_drop_no_renorm,"{""MR_EQ"": 4.285714285714286, ""MR_FX"": 2.8571428571428568}",0.0,4.285714285714286,2.8571428571428568,7.142857142857142,0.75,-0.04,1082461.127803818,0.24565582759601456,0.8664531362793133,0.6276869922130159,-39.13667650334981,-0.19615692749432317,94,85.45988759796282,783.8724375747503,0.625,0.75104,0.8755858542820623,0.411,103.0,53.0,15.0,0.3806,0.2084,0.0,1.6626,212.42189781021898,195.0,137.0,269.5,349.0,-0.6952807445255476,TF_EQ,drop_no_renorm,0.4372,-0.0262,100.19853613906679,112.22336167115219,1.105758632847691,-0.23930549656837763
mr_eq_core,without_TF_EQ_drop_renorm_to_total,"{""MR_EQ"": 6.0, ""MR_FX"": 3.9999999999999996}",0.0,6.0,3.9999999999999996,10.0,0.75,-0.04,3309182.4236012823,0.34916895617765054,0.8785115415556574,0.6448209834229706,-54.14975088498524,-0.31152587524030634,170,120.83110533504373,1250.222698820252,0.5432,0.6579528718703976,0.82988248461108,0.2966,67.0,37.0,15.0,0.5186,0.1848,0.0,1.845,153.45785569790965,140.0,97.0,197.5,257.0,-1.0308946392447742,TF_EQ,drop_renorm_to_total,0.4372,-0.1406,100.19853613906679,53.25931955884286,1.105758632847691,-0.22724709129203358
mr_fx_core,without_MR_EQ_drop_no_renorm,"{""MR_FX"": 4.285714285714286, ""TF_EQ"": 2.8571428571428568}",2.8571428571428568,0.0,4.285714285714286,7.142857142857142,0.75,-0.04,1131390.384514419,0.24959603713688372,0.9402889890452719,0.7249401211919376,-34.429883219389346,-0.14584841042256552,58,189.42654895511993,736.4087700356963,0.7668,0.8380281690140845,0.8885776532835357,0.571,73.0,28.0,15.0,0.1242,0.3048,0.0,1.1128,168.36392294220664,144.0,97.0,217.0,301.0,0.15676219264448324,MR_EQ,drop_no_renorm,0.544,0.026999999999999913,117.91948529411765,50.44443764808899,1.1523471546830983,-0.21205816563782642
mr_fx_core,without_MR_EQ_drop_renorm_to_total,"{""MR_FX"": 6.0, ""TF_EQ"": 3.9999999999999996}",3.9999999999999996,0.0,6.0,10.0,0.75,-0.04,3141591.942599146,0.3441693008282638,0.9498800265867661,0.7652743541871008,-44.9733221746143,-0.19073073962980863,140,260.91053384416534,1044.4559847300716,0.6502,0.7600738234389418,0.791582355321732,0.3912,43.0,15.0,15.0,0.3136,0.2952,0.0,1.712,104.59918200408998,91.0,64.0,132.0,181.0,-0.41861795501022503,MR_EQ,drop_renorm_to_total,0.544,-0.15280000000000005,117.91948529411765,-13.320303290027667,1.1523471546830983,-0.20246712809633227
mr_fx_core,without_MR_FX_drop_no_renorm,"{""MR_EQ"": 2.8571428571428568, ""TF_EQ"": 2.8571428571428568}",2.8571428571428568,2.8571428571428568,0.0,5.7142857142857135,0.75,-0.04,3106657.837285802,0.3430960018365399,1.0045047532512863,0.904711186952957,-37.92326289145136,-0.13880911512154,114,189.76185527617918,650.527146743878,0.704,0.7423295454545454,0.8541905855338691,0.4464,62.0,43.0,24.0,0.2182,0.3354,0.0,1.6926,155.94578853046596,140.0,112.0,186.0,240.0,-0.2857904713261649,MR_FX,drop_no_renorm,0.544,-0.09760000000000002,117.91948529411765,38.02630323634831,1.1523471546830983,-0.14784240143181204
mr_fx_core,without_MR_FX_drop_renorm_to_total,"{""MR_EQ"": 5.0, ""TF_EQ"": 5.0}",5.0,5.0,0.0,10.0,0.75,-0.04,35970664.54800709,0.5998889754662466,1.0309178242489123,0.9938481154792805,-60.36022669087136,-0.24331063217222576,379,323.765448866194,1303.9934002406324,0.3868,0.41675284384694933,0.5769230769230769,0.093,38.0,31.0,20.0,0.698,0.209,0.0,2.181,99.85806451612903,97.0,78.0,115.0,138.0,-1.6904551612903227,MR_FX,drop_renorm_to_total,0.544,-0.45100000000000007,117.91948529411765,-18.061420777988616,1.1523471546830983,-0.12142933043418602
mr_fx_core,without_TF_EQ_drop_no_renorm,"{""MR_EQ"": 2.8571428571428568, ""MR_FX"": 4.285714285714286}",0.0,2.8571428571428568,4.285714285714286,7.142857142857142,0.75,-0.04,609043.2390094178,0.195517728605626,0.98868557444653,0.7502768054831791,-26.059412629677702,-0.11866276134123875,41,78.22229873425762,728.2741232665575,0.765,0.8501960784313726,0.9332718327183271,0.607,144.0,73.0,15.0,0.2048,0.188,0.0002,1.2244,286.84481054365733,263.0,188.0,357.0,462.5999999999999,-0.11295602635914345,TF_EQ,drop_no_renorm,0.544,0.06299999999999994,117.91948529411765,168.9253252495397,1.1523471546830983,-0.1636615802365683
mr_fx_core,without_TF_EQ_drop_renorm_to_total,"{""MR_EQ"": 3.9999999999999996, ""MR_FX"": 6.0}",0.0,3.9999999999999996,6.0,10.0,0.75,-0.04,1562607.0995196372,0.278755661509168,0.9944747681382685,0.7700451833231039,-36.199909764542305,-0.17870530292995143,86,109.95345075411369,1032.3734459792852,0.6904,0.8004055619930475,0.9084328628302569,0.502,94.0,48.0,15.0,0.276,0.222,0.0,1.436,191.4195219123506,176.0,126.0,239.0,313.0,-0.2629088047808766,TF_EQ,drop_renorm_to_total,0.544,-0.04200000000000004,117.91948529411765,73.50003661823295,1.1523471546830983,-0.15787238654482982
balanced_tf_mrfx,without_MR_EQ_drop_no_renorm,"{""MR_FX"": 3.5714285714285716, ""TF_EQ"": 3.5714285714285716}",3.5714285714285716,0.0,3.5714285714285716,7.142857142857143,0.75,-0.04,1613380.7123392343,0.2816799778351122,0.8870455251922507,0.6490904522192315,-43.396105561567296,-0.17158355103918785,107,218.2384365504748,746.4987112253951,0.6702,0.7872276932259027,0.8157695223654283,0.4304,52.0,18.0,15.0,0.2874,0.2822,0.0,1.3704,121.74395910780669,106.5,73.0,154.0,214.0,-0.31426389776951674,MR_EQ,drop_no_renorm,0.4156,0.01479999999999998,94.59143407122232,27.152525036584365,1.101399264492543,-0.21435373930029233
balanced_tf_mrfx,without_MR_EQ_drop_renorm_to_total,"{""MR_FX"": 5.0, ""TF_EQ"": 5.0}",5.0,0.0,5.0,10.0,0.75,-0.04,4628258.627989546,0.3818925629725958,0.8964355893183306,0.6880926889762056,-55.500162854629856,-0.2210974045597422,218,299.3185001047392,1073.0206051041482,0.5764,0.7133934767522554,0.7271400778210116,0.299,31.0,12.0,15.0,0.4262,0.2748,0.0,1.8958,80.18795986622074,71.0,51.0,100.0,135.20000000000027,-0.748627899665552,MR_EQ,drop_renorm_to_total,0.4156,-0.11660000000000004,94.59143407122232,-14.403474205001586,1.101399264492543,-0.20496367517421243
balanced_tf_mrfx,without_MR_FX_drop_no_renorm,"{""MR_EQ"": 2.8571428571428568, ""TF_EQ"": 3.5714285714285716}",3.5714285714285716,2.8571428571428568,0.0,6.428571428571429,0.75,-0.04,4965296.101257699,0.388849001329155,0.9925919145901714,0.8413327116237584,-46.21821973125029,-0.16558078999474143,167,225.04948588087842,749.3613286432887,0.5756,0.6240444753300903,0.7683741648106904,0.276,51.0,40.0,23.0,0.4696,0.2544,0.0,1.7356,133.95,123.0,99.0,158.0,200.10000000000014,-0.993831,MR_FX,drop_no_renorm,0.4156,-0.1396,94.59143407122232,39.358565928777665,1.101399264492543,-0.10880734990237162
balanced_tf_mrfx,without_MR_FX_drop_renorm_to_total,"{""MR_EQ"": 4.444444444444444, ""TF_EQ"": 5.555555555555555}",5.555555555555555,4.444444444444444,0.0,10.0,0.75,-0.04,34890919.22728302,0.5964095648254759,1.0140903301028412,0.9156445345045262,-65.13549115959123,-0.2439869026811178,402,341.5633536739464,1309.672904948507,0.3766,0.39298990971853426,0.5621621621621622,0.0832,37.0,31.0,21.0,0.7158,0.201,0.0,2.143,99.83413461538461,97.0,79.0,116.0,133.0,-1.7372153365384615,MR_FX,drop_renorm_to_total,0.4156,-0.33240000000000003,94.59143407122232,5.24270054416229,1.101399264492543,-0.08730893438970178
balanced_tf_mrfx,without_TF_EQ_drop_no_renorm,"{""MR_EQ"": 2.8571428571428568, ""MR_FX"": 3.5714285714285716}",0.0,2.8571428571428568,3.5714285714285716,6.428571428571429,0.75,-0.04,540013.9885631029,0.1852883195456836,0.9516900258464783,0.7088781420839945,-26.138246977253942,-0.11877091291844598,41,71.72358704852358,656.8156059071835,0.7462,0.838917180380595,0.9380191693290735,0.5872,149.0,75.0,15.0,0.23,0.1824,0.0004,1.178,294.5735694822888,269.0,194.0,365.0,477.0,-0.21621392370572196,TF_EQ,drop_no_renorm,0.4156,0.17160000000000003,94.59143407122232,199.98213541106648,1.101399264492543,-0.14970923864606467
balanced_tf_mrfx,without_TF_EQ_drop_renorm_to_total,"{""MR_EQ"": 4.444444444444444, ""MR_FX"": 5.555555555555555}",0.0,4.444444444444444,5.555555555555555,10.0,0.75,-0.04,1859532.804415345,0.2947467071661025,0.9603193064605233,0.7327897316825898,-40.222548764339535,-0.2049109741129872,105,112.26802955705489,1041.5853783788064,0.6334,0.7634985790969372,0.8866832092638545,0.4288,89.0,46.0,15.0,0.3766,0.1946,0.0,1.6242,186.8955223880597,171.0,121.0,235.0,307.70000000000005,-0.5736808059701491,TF_EQ,drop_renorm_to_total,0.4156,0.01319999999999999,94.59143407122232,92.30408831683738,1.101399264492543,-0.14107995803201967
equity_core_balanced,without_MR_EQ_drop_no_renorm,"{""MR_FX"": 2.8571428571428568, ""TF_EQ"": 3.5714285714285716}",3.5714285714285716,0.0,2.8571428571428568,6.428571428571429,0.75,-0.04,1430576.533955226,0.2707169512383081,0.8620879404177094,0.6116743272042484,-44.25834781650254,-0.17037908517038705,108,211.79876988108865,674.7436460657993,0.6614,0.7795585122467493,0.8118696664080682,0.4186,51.0,18.0,15.0,0.2958,0.2856,0.0,1.3676,122.62446249402771,107.0,72.0,155.0,216.0,-0.3602371562350693,MR_EQ,drop_no_renorm,0.3676,0.051000000000000045,86.75136017410229,35.87310231992542,1.0955519867473622,-0.23346404632965279
equity_core_balanced,without_MR_EQ_drop_renorm_to_total,"{""MR_FX"": 4.444444444444444, ""TF_EQ"": 5.555555555555555}",5.555555555555555,0.0,4.444444444444444,10.0,0.75,-0.04,5535052.90395239,0.3996682759102863,0.8739962153991598,0.6561040699038644,-60.915378252240934,-0.2363562601369958,268,320.10018216916325,1093.1848189072837,0.5614,0.6775917349483435,0.7145110410094637,0.2718,28.0,11.0,15.0,0.4826,0.2456,0.0,1.9298,72.21044885945548,64.0,46.0,90.0,121.0,-0.8670241221486388,MR_EQ,drop_renorm_to_total,0.3676,-0.0958,86.75136017410229,-14.540911314646806,1.0955519867473622,-0.22155577134820237
equity_core_balanced,without_MR_FX_drop_no_renorm,"{""MR_EQ"": 3.5714285714285716, ""TF_EQ"": 3.5714285714285716}",3.5714285714285716,3.5714285714285716,0.0,7.142857142857143,0.75,-0.04,7448179.117277501,0.4296679674485866,1.0136284520498966,0.9328311428241773,-46.06063709963119,-0.17293476922071171,195,235.0627072486264,849.0841636106476,0.5474,0.6035805626598465,0.7336561743341404,0.2424,48.0,39.0,22.0,0.5188,0.2388,0.0,1.8042,126.36468646864687,117.0,96.0,146.0,185.9000000000001,-1.1255537161716171,MR_FX,drop_no_renorm,0.3676,-0.12519999999999998,86.75136017410229,39.61332629454458,1.0955519867473622,-0.0819235346974656
equity_core_balanced,without_MR_FX_drop_renorm_to_total,"{""MR_EQ"": 5.0, ""TF_EQ"": 5.0}",5.0,5.0,0.0,10.0,0.75,-0.04,35970664.54800709,0.5998889754662466,1.0309178242489123,0.9938481154792805,-60.36022669087136,-0.24331063217222576,379,323.765448866194,1303.9934002406324,0.3868,0.41675284384694933,0.5769230769230769,0.093,38.0,31.0,20.0,0.698,0.209,0.0,2.181,99.85806451612903,97.0,78.0,115.0,138.0,-1.6904551612903227,MR_FX,drop_renorm_to_total,0.3676,-0.27459999999999996,86.75136017410229,13.106704342026745,1.0955519867473622,-0.06463416249844989
equity_core_balanced,without_TF_EQ_drop_no_renorm,"{""MR_EQ"": 3.5714285714285716, ""MR_FX"": 2.8571428571428568}",0.0,3.5714285714285716,2.8571428571428568,6.428571428571429,0.75,-0.04,723667.8427272874,0.2103358900121619,0.8841570650263986,0.6429324394000668,-32.71508437316222,-0.15567636582799718,63,75.2823560940668,667.2649865916725,0.701,0.8196861626248216,0.9338670379394362,0.5366,122.0,61.0,15.0,0.284,0.1794,0.0,1.4092,242.63995527394707,225.0,158.0,304.0,397.0,-0.29489188818486767,TF_EQ,drop_no_renorm,0.3676,0.16899999999999998,86.75136017410229,155.8885950998448,1.0955519867473622,-0.21139492172096364
equity_core_balanced,without_TF_EQ_drop_renorm_to_total,"{""MR_EQ"": 5.555555555555555, ""MR_FX"": 4.444444444444444}",0.0,5.555555555555555,4.444444444444444,10.0,0.75,-0.04,2816438.1484048488,0.3337191500237324,0.896686008123433,0.6647477806694235,-50.202371444951034,-0.2784106626491218,155,118.31372370964992,1221.174430659829,0.534,0.652059925093633,0.8242389431361287,0.287,75.0,40.0,15.0,0.4988,0.2142,0.0,1.7088,164.9170731707317,152.0,105.0,210.0,271.0,-1.0671806829268293,TF_EQ,drop_renorm_to_total,0.3676,-0.0806,86.75136017410229,78.16571299662941,1.0955519867473622,-0.19886597862392918
mean_reversion_core,without_MR_EQ_drop_no_renorm,"{""MR_FX"": 3.8461538461538463, ""TF_EQ"": 2.307692307692308}",2.307692307692308,0.0,3.8461538461538463,6.153846153846154,0.75,-0.04,706978.5736049204,0.20832024908321545,0.953466898589856,0.7384418344555234,-28.21078646455839,-0.12257312984069951,24,157.75243733613533,630.8090442039869,0.8582,0.8916336518294103,0.9453737584945112,0.7234,99.0,40.0,15.0,0.0116,0.265,0.0,0.8336,222.24412496544096,192.0,126.0,284.0,396.4000000000001,0.5946536875863977,MR_EQ,drop_no_renorm,0.543,0.1804,121.65745856353591,100.58666640190505,1.141764265643206,-0.1882973670533501
mean_reversion_core,without_MR_EQ_drop_renorm_to_total,"{""MR_FX"": 6.25, ""TF_EQ"": 3.75}",3.75,0.0,6.25,10.0,0.75,-0.04,2813493.997641979,0.33361950639954463,0.966839665817153,0.793744778531581,-42.03108044587543,-0.18255491249844868,125,251.09369474958987,1042.2103610700126,0.6518,0.7704817428659098,0.8044603743528475,0.404,46.0,15.0,15.0,0.3442,0.2518,0.0,1.3836,108.32673267326733,94.0,65.0,136.0,194.10000000000014,-0.4168528316831683,MR_EQ,drop_renorm_to_total,0.543,-0.139,121.65745856353591,-13.330725890268582,1.141764265643206,-0.17492459982605313
mean_reversion_core,without_MR_FX_drop_no_renorm,"{""MR_EQ"": 3.8461538461538463, ""TF_EQ"": 2.307692307692308}",2.307692307692308,3.8461538461538463,0.0,6.153846153846154,0.75,-0.04,3683011.062587835,0.35952384658567094,1.012546763395417,0.9286588827228242,-38.71430654187557,-0.17185929290524044,121,175.9593955237675,707.1669919001303,0.6934,0.7591577732910297,0.8514437689969605,0.4482,63.0,43.0,23.0,0.2286,0.3232,0.0,1.9394,157.49933065595715,142.0,112.0,190.0,242.0,-0.29714232663989293,MR_FX,drop_no_renorm,0.543,-0.09480000000000005,121.65745856353591,35.84187209242124,1.141764265643206,-0.12921750224778905
mean_reversion_core,without_MR_FX_drop_renorm_to_total,"{""MR_EQ"": 6.25, ""TF_EQ"": 3.75}",3.75,6.25,0.0,10.0,0.75,-0.04,34456929.02406193,0.5949828170223659,1.034671853612615,0.9842203914680463,-60.45219365297845,-0.33489629381750813,327,282.5953773834083,1293.9128055301157,0.4756,0.5109335576114382,0.642798353909465,0.1562,41.0,33.0,21.0,0.6134,0.2304,0.0,2.065,106.04097311139564,101.0,82.0,123.0,150.0,-1.430552432778489,MR_FX,drop_renorm_to_total,0.543,-0.38680000000000003,121.65745856353591,-15.616485452140267,1.141764265643206,-0.10709241203059117
mean_reversion_core,without_TF_EQ_drop_no_renorm,"{""MR_EQ"": 3.8461538461538463, ""MR_FX"": 3.8461538461538463}",0.0,3.8461538461538463,3.8461538461538463,7.6923076923076925,0.75,-0.04,1000020.1842210877,0.23862667254203918,0.9183101430390582,0.6804377385372319,-35.06958227434972,-0.1705482906061786,78,88.17164304666481,798.4907353955824,0.7002,0.8017709225935447,0.9041681510509441,0.5076,108.0,54.0,15.0,0.258,0.2344,0.0,1.5934,219.78014184397162,201.0,140.25,276.0,362.3000000000002,-0.300584354609929,TF_EQ,drop_no_renorm,0.543,-0.03539999999999999,121.65745856353591,98.12268328043571,1.141764265643206,-0.22345412260414788
mean_reversion_core,without_TF_EQ_drop_renorm_to_total,"{""MR_EQ"": 5.0, ""MR_FX"": 5.0}",0.0,5.0,5.0,10.0,0.75,-0.04,2296613.5171535956,0.3144204820601999,0.9251260031234391,0.6951218705648001,-45.23242547450379,-0.24012728419029414,135,115.24209526147673,1088.753126460397,0.6124,0.7279555845852385,0.8667563930013459,0.3864,82.0,42.0,15.0,0.4488,0.1648,0.0,1.5632,174.435817805383,160.5,115.0,221.0,287.0,-0.7413215445134574,TF_EQ,drop_renorm_to_total,0.543,-0.15660000000000002,121.65745856353591,52.7783592418471,1.141764265643206,-0.21663826251976703
old_no_tf_fx_ratio,without_MR_EQ_drop_no_renorm,"{""MR_FX"": 8.0, ""TF_EQ"": 1.125}",1.125,0.0,8.0,9.125,0.75,-0.04,542866.6235962247,0.18573450642955858,1.2840996232625037,1.0908152692309872,-17.027127476909943,-0.08407567873928698,6,134.00111318111948,924.3465247779401,0.9626,0.9663411593600665,0.9890346162115674,0.92,165.0,69.0,15.0,0.0,0.0766,0.0034,0.3364,334.5841304347826,293.0,203.0,428.0,579.0,0.9235756739130435,MR_EQ,drop_no_renorm,0.9278,-0.007799999999999918,281.7990946324639,52.7850358023187,1.433600596260109,-0.14950097299760534
old_no_tf_fx_ratio,without_MR_EQ_drop_renorm_to_total,"{""MR_FX"": 8.767123287671232, ""TF_EQ"": 1.2328767123287672}",1.2328767123287672,0.0,8.767123287671232,10.0,0.75,-0.04,674186.5527755852,0.20422769743576663,1.2853377312689005,1.1015151028991286,-18.540617091699453,-0.0921251079986796,9,146.69467015037196,1014.2747580930951,0.9216,0.9481336805555556,0.9821469443808651,0.8582,141.0,62.0,15.0,0.0434,0.0976,0.0008,0.3654,297.7259380097879,260.0,179.0,379.5,520.0,0.7840311549755301,MR_EQ,drop_renorm_to_total,0.9278,-0.0696,281.7990946324639,15.926843377324019,1.433600596260109,-0.14826286499120855
old_no_tf_fx_ratio,without_MR_FX_drop_no_renorm,"{""MR_EQ"": 0.875, ""TF_EQ"": 1.125}",1.125,0.875,0.0,2.0,0.75,-0.04,246780.56989373578,0.1208027739952291,0.9577113358344886,0.7581889859787025,-15.93306896159824,-0.061845901992960514,1,73.18529117905142,205.20051438073267,0.948,0.9428270042194092,0.9809800850302081,0.8768,236.0,105.0,29.0,0.0,0.0938,0.0294,0.1146,474.132299270073,432.0,304.75,605.0,783.7000000000003,0.4733232518248176,MR_FX,drop_no_renorm,0.9278,-0.050999999999999934,281.7990946324639,192.33320463760913,1.433600596260109,-0.4758892604256204
old_no_tf_fx_ratio,without_MR_FX_drop_renorm_to_total,"{""MR_EQ"": 4.375, ""TF_EQ"": 5.625}",5.625,4.375,0.0,10.0,0.75,-0.04,34685079.22214794,0.5957349302877972,1.0114704264756134,0.9066337741687156,-65.70844229071669,-0.24410760466404277,404,343.7676374990244,1310.4353491695736,0.3794,0.3916710595677385,0.5518169582772544,0.082,37.0,31.0,21.0,0.7156,0.2024,0.0,2.1526,99.6780487804878,97.0,78.25,116.0,133.0,-1.7403211219512194,MR_FX,drop_renorm_to_total,0.9278,-0.8458,281.7990946324639,-182.12104585197608,1.433600596260109,-0.4221301697844957
old_no_tf_fx_ratio,without_TF_EQ_drop_no_renorm,"{""MR_EQ"": 0.875, ""MR_FX"": 8.0}",0.0,0.875,8.0,8.875,0.75,-0.04,337266.5498528786,0.14609418638283223,1.3298682354439397,1.0048770332452859,-14.538513823031252,-0.08407567873928691,5,84.74874997651004,899.6418006778179,0.9832,0.9755899104963385,0.9956213511259383,0.955,232.0,103.0,15.0,0.0,0.0302,0.0148,0.3428,440.51204188481677,401.0,287.0,556.0,728.6000000000004,0.775091895287958,TF_EQ,drop_no_renorm,0.9278,0.027200000000000002,281.7990946324639,158.71294725235288,1.433600596260109,-0.10373236081616932
old_no_tf_fx_ratio,without_TF_EQ_drop_renorm_to_total,"{""MR_EQ"": 0.9859154929577464, ""MR_FX"": 9.014084507042254}",0.0,0.9859154929577464,9.014084507042254,10.0,0.75,-0.04,426313.4300702899,0.1654383040123515,1.330371504021402,1.0163797154450065,-16.27721426336385,-0.09471600353846453,5,95.51455626220198,1015.5792917548436,0.905,0.9480662983425414,0.9864801864801864,0.8464,195.0,86.0,15.0,0.1032,0.0462,0.0042,0.478,381.8960302457467,341.0,244.0,479.0,645.9000000000001,0.48067992438563323,TF_EQ,drop_renorm_to_total,0.9278,-0.08139999999999992,281.7990946324639,100.09693561328282,1.433600596260109,-0.10322909223870713
